Country Name,Country Code,Year,average_value_Poverty gap at $5.50 a day (2011 PPP) (%)
Sweden,SWE,1967,8.4
United Kingdom,GBR,1969,1.1
Canada,CAN,1971,2.7
United Kingdom,GBR,1974,0.3
United States,USA,1974,0.9
Sweden,SWE,1975,0.5
Canada,CAN,1975,1.2
India,IND,1977,65.6
France,FRA,1978,1.3
Norway,NOR,1979,0.4
United Kingdom,GBR,1979,0.5
United States,USA,1979,0.7
Israel,ISR,1979,1.0
Panama,PAN,1979,16.9
Spain,ESP,1980,2.0
Argentina,ARG,1980,2.1
Madagascar,MDG,1980,54.4
Sweden,SWE,1981,0.4
Canada,CAN,1981,0.6
Australia,AUS,1981,1.0
High income,HIC,1981,1.5
"Venezuela, RB",VEN,1981,14.0
Latin America & Caribbean,LCN,1981,23.1
Brazil,BRA,1981,31.4
Thailand,THA,1981,33.0
Costa Rica,CRI,1981,35.2
World,WLD,1981,47.8
Lower middle income,LMC,1981,57.3
Low & middle income,LMY,1981,60.1
Upper middle income,UMC,1981,62.6
South Asia,SAS,1981,63.6
East Asia & Pacific,EAS,1981,84.4
Switzerland,CHE,1982,0.6
High income,HIC,1982,1.5
Latin America & Caribbean,LCN,1982,23.8
Brazil,BRA,1982,31.4
World,WLD,1982,46.7
Lower middle income,LMC,1982,57.4
Low & middle income,LMY,1982,58.6
Upper middle income,UMC,1982,59.4
South Asia,SAS,1982,63.6
East Asia & Pacific,EAS,1982,80.2
Netherlands,NLD,1983,1.3
High income,HIC,1983,1.5
Latin America & Caribbean,LCN,1983,26.7
Brazil,BRA,1983,37.0
World,WLD,1983,45.4
Upper middle income,UMC,1983,56.0
Low & middle income,LMY,1983,56.8
Lower middle income,LMC,1983,56.9
Bangladesh,BGD,1983,57.5
India,IND,1983,62.7
South Asia,SAS,1983,62.7
East Asia & Pacific,EAS,1983,75.1
High income,HIC,1984,1.5
France,FRA,1984,1.9
Malaysia,MYS,1984,11.5
Mexico,MEX,1984,20.7
Latin America & Caribbean,LCN,1984,26.5
Morocco,MAR,1984,26.9
Brazil,BRA,1984,36.5
World,WLD,1984,43.4
Upper middle income,UMC,1984,50.7
Low & middle income,LMY,1984,54.1
Lower middle income,LMC,1984,56.5
South Asia,SAS,1984,62.2
Indonesia,IDN,1984,68.1
East Asia & Pacific,EAS,1984,68.5
Luxembourg,LUX,1985,0.1
Belgium,BEL,1985,0.4
Australia,AUS,1985,1.1
High income,HIC,1985,1.4
Spain,ESP,1985,1.6
Cote d'Ivoire,CIV,1985,18.4
Latin America & Caribbean,LCN,1985,25.2
Middle East & North Africa,MEA,1985,25.3
Tunisia,TUN,1985,30.1
Brazil,BRA,1985,32.8
Sri Lanka,LKA,1985,36.3
World,WLD,1985,42.7
Botswana,BWA,1985,48.7
Upper middle income,UMC,1985,49.1
Low & middle income,LMY,1985,53.1
Bangladesh,BGD,1985,54.1
Lower middle income,LMC,1985,55.9
South Asia,SAS,1985,61.3
Nigeria,NGA,1985,61.5
East Asia & Pacific,EAS,1985,66.9
Norway,NOR,1986,0.2
Italy,ITA,1986,0.5
United States,USA,1986,0.7
United Kingdom,GBR,1986,1.1
Israel,ISR,1986,1.3
High income,HIC,1986,1.4
Argentina,ARG,1986,2.5
Jordan,JOR,1986,5.4
Dominican Republic,DOM,1986,11.4
"Iran, Islamic Rep.",IRN,1986,17.0
Cote d'Ivoire,CIV,1986,18.4
Brazil,BRA,1986,19.2
Latin America & Caribbean,LCN,1986,20.5
Costa Rica,CRI,1986,24.2
Middle East & North Africa,MEA,1986,25.1
World,WLD,1986,42.0
Upper middle income,UMC,1986,47.1
Low & middle income,LMY,1986,52.1
Guatemala,GTM,1986,55.0
Lesotho,LSO,1986,55.4
Lower middle income,LMC,1986,55.7
South Asia,SAS,1986,60.9
East Asia & Pacific,EAS,1986,65.7
Austria,AUT,1987,0.0
Finland,FIN,1987,0.0
Sweden,SWE,1987,0.2
Canada,CAN,1987,0.3
Netherlands,NLD,1987,0.4
Denmark,DNK,1987,0.7
High income,HIC,1987,1.3
Ireland,IRL,1987,1.4
Italy,ITA,1987,1.6
Argentina,ARG,1987,3.6
Malaysia,MYS,1987,11.2
Turkey,TUR,1987,12.8
"Venezuela, RB",VEN,1987,15.2
Cote d'Ivoire,CIV,1987,23.2
Latin America & Caribbean,LCN,1987,23.2
Chile,CHL,1987,23.3
Middle East & North Africa,MEA,1987,25.2
Brazil,BRA,1987,26.7
World,WLD,1987,41.7
Upper middle income,UMC,1987,46.3
Mauritania,MRT,1987,51.4
Low & middle income,LMY,1987,51.6
Ghana,GHA,1987,54.5
Lower middle income,LMC,1987,55.6
India,IND,1987,59.9
South Asia,SAS,1987,60.6
East Asia & Pacific,EAS,1987,63.9
Pakistan,PAK,1987,65.6
Indonesia,IDN,1987,67.9
Belgium,BEL,1988,0.6
High income,HIC,1988,1.2
Trinidad and Tobago,TTO,1988,7.1
Jamaica,JAM,1988,17.6
Algeria,DZA,1988,21.2
Latin America & Caribbean,LCN,1988,24.1
Middle East & North Africa,MEA,1988,25.1
Brazil,BRA,1988,28.9
Cote d'Ivoire,CIV,1988,29.6
Thailand,THA,1988,30.4
World,WLD,1988,40.9
Upper middle income,UMC,1988,44.6
Low & middle income,LMY,1988,50.5
Ghana,GHA,1988,53.8
Lower middle income,LMC,1988,54.8
Bangladesh,BGD,1988,57.9
South Asia,SAS,1988,59.6
East Asia & Pacific,EAS,1988,61.4
Italy,ITA,1989,0.1
Australia,AUS,1989,0.9
High income,HIC,1989,1.0
France,FRA,1989,1.2
Malaysia,MYS,1989,10.7
"Venezuela, RB",VEN,1989,10.8
Mexico,MEX,1989,20.2
Costa Rica,CRI,1989,20.5
Latin America & Caribbean,LCN,1989,23.4
Dominican Republic,DOM,1989,24.6
Middle East & North Africa,MEA,1989,24.9
Brazil,BRA,1989,26.9
El Salvador,SLV,1989,27.2
Panama,PAN,1989,30.3
World,WLD,1989,42.0
Guatemala,GTM,1989,44.0
Upper middle income,UMC,1989,47.5
Honduras,HND,1989,49.8
Low & middle income,LMY,1989,51.8
Lower middle income,LMC,1989,54.6
South Asia,SAS,1989,59.6
IDA total,IDA,1989,60.7
Uganda,UGA,1989,62.9
East Asia & Pacific,EAS,1989,64.9
Sierra Leone,SLE,1989,75.4
High income,HIC,1990,1.0
Spain,ESP,1990,1.0
Netherlands,NLD,1990,1.2
Paraguay,PRY,1990,5.0
Europe & Central Asia,ECS,1990,8.5
"Iran, Islamic Rep.",IRN,1990,17.2
Morocco,MAR,1990,17.5
Costa Rica,CRI,1990,17.7
Jamaica,JAM,1990,17.9
Chile,CHL,1990,18.9
Middle East & North Africa,MEA,1990,22.9
Latin America & Caribbean,LCN,1990,24.6
Tunisia,TUN,1990,25.0
Thailand,THA,1990,27.6
Brazil,BRA,1990,30.6
"Egypt, Arab Rep.",EGY,1990,32.4
Sri Lanka,LKA,1990,34.6
World,WLD,1990,41.7
Upper middle income,UMC,1990,47.1
Low & middle income,LMY,1990,51.4
Honduras,HND,1990,51.8
Lower middle income,LMC,1990,54.0
South Asia,SAS,1990,59.3
Sub-Saharan Africa,SSF,1990,59.6
IDA total,IDA,1990,60.6
Indonesia,IDN,1990,61.6
East Asia & Pacific,EAS,1990,63.7
Pakistan,PAK,1990,64.9
China,CHN,1990,67.3
Luxembourg,LUX,1991,0.0
Finland,FIN,1991,0.1
Germany,DEU,1991,0.1
Canada,CAN,1991,0.3
Italy,ITA,1991,0.4
Norway,NOR,1991,0.4
United Kingdom,GBR,1991,0.5
United States,USA,1991,0.7
High income,HIC,1991,1.0
Argentina,ARG,1991,6.0
Europe & Central Asia,ECS,1991,9.6
Costa Rica,CRI,1991,20.8
Latin America & Caribbean,LCN,1991,23.8
Middle East & North Africa,MEA,1991,25.6
Panama,PAN,1991,27.8
El Salvador,SLV,1991,31.3
World,WLD,1991,41.8
Honduras,HND,1991,45.0
Upper middle income,UMC,1991,46.9
Low & middle income,LMY,1991,51.4
Lower middle income,LMC,1991,54.0
Ghana,GHA,1991,57.4
Bangladesh,BGD,1991,58.3
South Asia,SAS,1991,59.3
Zambia,ZMB,1991,60.1
Sub-Saharan Africa,SSF,1991,60.6
IDA total,IDA,1991,61.3
East Asia & Pacific,EAS,1991,62.7
Senegal,SEN,1991,68.7
Tanzania,TZA,1991,70.4
Guinea,GIN,1991,100.0
Czech Republic,CZE,1992,0.1
Sweden,SWE,1992,0.3
Israel,ISR,1992,0.5
Denmark,DNK,1992,0.7
Switzerland,CHE,1992,0.7
United States,USA,1992,0.7
Belgium,BEL,1992,0.9
High income,HIC,1992,1.0
Uruguay,URY,1992,2.5
Argentina,ARG,1992,6.4
Malaysia,MYS,1992,10.2
"Venezuela, RB",VEN,1992,10.5
Trinidad and Tobago,TTO,1992,11.3
Europe & Central Asia,ECS,1992,11.9
Ukraine,UKR,1992,11.9
Chile,CHL,1992,14.6
Jordan,JOR,1992,15.2
Dominican Republic,DOM,1992,15.5
Mexico,MEX,1992,17.4
Costa Rica,CRI,1992,18.2
Colombia,COL,1992,20.4
Thailand,THA,1992,23.3
Latin America & Caribbean,LCN,1992,23.9
Middle East & North Africa,MEA,1992,24.4
Bolivia,BOL,1992,29.9
Brazil,BRA,1992,30.3
Cote d'Ivoire,CIV,1992,39.6
Honduras,HND,1992,41.5
World,WLD,1992,41.5
Kenya,KEN,1992,42.4
Guyana,GUY,1992,43.0
Upper middle income,UMC,1992,46.1
Lao PDR,LAO,1992,48.5
Low & middle income,LMY,1992,51.0
Lower middle income,LMC,1992,53.6
South Asia,SAS,1992,58.3
Vietnam,VNM,1992,58.9
IDA total,IDA,1992,60.9
East Asia & Pacific,EAS,1992,61.2
Sub-Saharan Africa,SSF,1992,61.9
Nigeria,NGA,1992,62.9
Uganda,UGA,1992,66.4
Niger,NER,1992,73.3
Burundi,BDI,1992,75.1
Central African Republic,CAF,1992,81.0
Czech Republic,CZE,1993,0.1
United States,USA,1993,0.7
High income,HIC,1993,1.3
Netherlands,NLD,1993,1.7
Italy,ITA,1993,1.8
Argentina,ARG,1993,6.9
Ukraine,UKR,1993,10.7
Russian Federation,RUS,1993,11.3
Europe & Central Asia,ECS,1993,14.1
Costa Rica,CRI,1993,15.4
Belize,BLZ,1993,21.2
Latin America & Caribbean,LCN,1993,23.8
Middle East & North Africa,MEA,1993,23.8
Jamaica,JAM,1993,25.8
Brazil,BRA,1993,29.4
Honduras,HND,1993,36.4
South Africa,ZAF,1993,38.4
World,WLD,1993,41.3
Botswana,BWA,1993,42.4
Upper middle income,UMC,1993,45.2
Nicaragua,NIC,1993,45.7
Low & middle income,LMY,1993,50.5
Mauritania,MRT,1993,51.9
Lower middle income,LMC,1993,53.6
Guinea-Bissau,GNB,1993,53.7
South Asia,SAS,1993,57.9
India,IND,1993,58.5
East Asia & Pacific,EAS,1993,59.5
Fragile and conflict affected situations,FCS,1993,60.5
Zambia,ZMB,1993,60.6
IDA total,IDA,1993,61.1
Indonesia,IDN,1993,61.3
China,CHN,1993,62.5
Sub-Saharan Africa,SSF,1993,62.6
Madagascar,MDG,1993,69.0
Luxembourg,LUX,1994,0.0
France,FRA,1994,0.1
Canada,CAN,1994,0.3
Germany,DEU,1994,0.3
Ireland,IRL,1994,0.4
Austria,AUT,1994,0.5
United Kingdom,GBR,1994,0.5
United States,USA,1994,0.8
High income,HIC,1994,1.5
Argentina,ARG,1994,7.2
Costa Rica,CRI,1994,12.8
"Iran, Islamic Rep.",IRN,1994,12.8
Turkey,TUR,1994,13.1
Chile,CHL,1994,13.8
Europe & Central Asia,ECS,1994,17.2
Mexico,MEX,1994,17.2
Thailand,THA,1994,17.7
Belize,BLZ,1994,22.0
Latin America & Caribbean,LCN,1994,22.6
Middle East & North Africa,MEA,1994,23.3
Ecuador,ECU,1994,29.4
Honduras,HND,1994,37.6
World,WLD,1994,40.6
Upper middle income,UMC,1994,43.4
Kenya,KEN,1994,46.4
Low & middle income,LMY,1994,49.6
Lower middle income,LMC,1994,53.3
Lesotho,LSO,1994,53.9
Guinea,GIN,1994,56.7
East Asia & Pacific,EAS,1994,56.9
South Asia,SAS,1994,57.4
Fragile and conflict affected situations,FCS,1994,61.1
IDA total,IDA,1994,61.1
Senegal,SEN,1994,62.5
Sub-Saharan Africa,SSF,1994,63.2
Niger,NER,1994,76.6
Burkina Faso,BFA,1994,77.8
Eswatini,SWZ,1994,78.5
Mali,MLI,1994,79.7
Finland,FIN,1995,0.0
Denmark,DNK,1995,0.1
Germany,DEU,1995,0.3
Ireland,IRL,1995,0.4
Norway,NOR,1995,0.4
Sweden,SWE,1995,0.5
Belgium,BEL,1995,0.6
United States,USA,1995,0.7
Australia,AUS,1995,1.0
United Kingdom,GBR,1995,1.1
Italy,ITA,1995,1.2
Austria,AUT,1995,1.3
High income,HIC,1995,1.3
Spain,ESP,1995,1.8
Greece,GRC,1995,2.2
Uruguay,URY,1995,2.3
Argentina,ARG,1995,9.8
Malaysia,MYS,1995,10.0
Costa Rica,CRI,1995,13.5
Europe & Central Asia,ECS,1995,15.0
Ukraine,UKR,1995,16.9
Paraguay,PRY,1995,19.0
"Venezuela, RB",VEN,1995,19.2
Algeria,DZA,1995,20.2
Brazil,BRA,1995,21.7
Panama,PAN,1995,22.2
Latin America & Caribbean,LCN,1995,22.8
Azerbaijan,AZE,1995,22.9
El Salvador,SLV,1995,23.4
Middle East & North Africa,MEA,1995,23.9
Tunisia,TUN,1995,25.8
Mongolia,MNG,1995,29.3
Sri Lanka,LKA,1995,32.8
"Egypt, Arab Rep.",EGY,1995,33.0
Mauritania,MRT,1995,38.2
Honduras,HND,1995,38.6
Cote d'Ivoire,CIV,1995,39.3
World,WLD,1995,39.7
Upper middle income,UMC,1995,41.3
St. Lucia,LCA,1995,47.8
Low & middle income,LMY,1995,48.3
Bangladesh,BGD,1995,52.6
Lower middle income,LMC,1995,52.6
East Asia & Pacific,EAS,1995,54.4
South Asia,SAS,1995,56.5
IDA total,IDA,1995,60.2
Fragile and conflict affected situations,FCS,1995,61.1
Sub-Saharan Africa,SSF,1995,62.9
Low income,LIC,1995,65.9
Nepal,NPL,1995,66.3
Ethiopia,ETH,1995,67.8
Ireland,IRL,1996,0.2
Czech Republic,CZE,1996,0.3
United States,USA,1996,0.7
High income,HIC,1996,1.7
Uruguay,URY,1996,2.5
Argentina,ARG,1996,11.0
Chile,CHL,1996,11.1
Russian Federation,RUS,1996,11.6
Dominican Republic,DOM,1996,12.2
Albania,ALB,1996,12.8
Jamaica,JAM,1996,14.5
Thailand,THA,1996,14.6
Georgia,GEO,1996,14.8
Costa Rica,CRI,1996,15.2
Europe & Central Asia,ECS,1996,15.8
Syrian Arab Republic,SYR,1996,17.0
Ukraine,UKR,1996,19.3
Kazakhstan,KAZ,1996,19.8
Brazil,BRA,1996,22.3
Middle East & North Africa,MEA,1996,23.6
Latin America & Caribbean,LCN,1996,24.3
El Salvador,SLV,1996,24.6
Belize,BLZ,1996,26.3
Colombia,COL,1996,27.7
Mexico,MEX,1996,29.2
World,WLD,1996,38.9
Upper middle income,UMC,1996,39.9
Honduras,HND,1996,41.2
South Africa,ZAF,1996,43.0
Pakistan,PAK,1996,45.8
Low & middle income,LMY,1996,47.3
Zambia,ZMB,1996,51.4
Lower middle income,LMC,1996,51.8
East Asia & Pacific,EAS,1996,52.0
China,CHN,1996,54.0
Indonesia,IDN,1996,55.6
South Asia,SAS,1996,55.6
Cameroon,CMR,1996,56.4
Papua New Guinea,PNG,1996,57.0
IDA total,IDA,1996,59.1
Fragile and conflict affected situations,FCS,1996,60.2
Sub-Saharan Africa,SSF,1996,62.2
Low income,LIC,1996,64.9
Uganda,UGA,1996,65.4
Nigeria,NGA,1996,66.2
Mozambique,MOZ,1996,77.3
Luxembourg,LUX,1997,0.0
Austria,AUT,1997,0.4
Belgium,BEL,1997,0.5
Canada,CAN,1997,0.5
United States,USA,1997,0.8
Israel,ISR,1997,0.9
High income,HIC,1997,1.1
Uruguay,URY,1997,2.4
Malaysia,MYS,1997,6.6
Russian Federation,RUS,1997,7.9
Argentina,ARG,1997,10.3
Dominican Republic,DOM,1997,11.6
Costa Rica,CRI,1997,13.1
Jordan,JOR,1997,14.0
Europe & Central Asia,ECS,1997,14.2
Paraguay,PRY,1997,16.4
Panama,PAN,1997,20.9
Brazil,BRA,1997,22.4
Middle East & North Africa,MEA,1997,22.6
Latin America & Caribbean,LCN,1997,23.3
Peru,PER,1997,26.1
Bolivia,BOL,1997,27.3
Belize,BLZ,1997,28.3
Georgia,GEO,1997,29.5
Honduras,HND,1997,32.7
Moldova,MDA,1997,33.8
World,WLD,1997,38.6
Upper middle income,UMC,1997,39.2
Kenya,KEN,1997,45.4
Low & middle income,LMY,1997,46.9
Vietnam,VNM,1997,49.0
East Asia & Pacific,EAS,1997,51.6
Lower middle income,LMC,1997,51.7
IDA total,IDA,1997,58.7
Lao PDR,LAO,1997,59.3
Fragile and conflict affected situations,FCS,1997,59.5
Sub-Saharan Africa,SSF,1997,62.0
Malawi,MWI,1997,63.8
Low income,LIC,1997,64.5
Madagascar,MDG,1997,67.5
Germany,DEU,1998,0.1
Canada,CAN,1998,0.5
United States,USA,1998,0.9
High income,HIC,1998,1.0
Italy,ITA,1998,2.2
Uruguay,URY,1998,2.4
Russian Federation,RUS,1998,10.2
Chile,CHL,1998,10.3
Costa Rica,CRI,1998,10.8
Argentina,ARG,1998,11.3
"Iran, Islamic Rep.",IRN,1998,12.2
Thailand,THA,1998,14.1
Europe & Central Asia,ECS,1998,14.5
"Venezuela, RB",VEN,1998,19.0
Middle East & North Africa,MEA,1998,20.3
Panama,PAN,1998,21.1
Brazil,BRA,1998,21.2
Guyana,GUY,1998,22.0
Latin America & Caribbean,LCN,1998,22.4
Morocco,MAR,1998,22.6
Mexico,MEX,1998,23.0
Guatemala,GTM,1998,23.3
"Yemen, Rep.",YEM,1998,23.4
Peru,PER,1998,25.7
Belize,BLZ,1998,26.7
El Salvador,SLV,1998,28.2
Georgia,GEO,1998,28.6
Belarus,BLR,1998,32.3
Honduras,HND,1998,35.7
Nicaragua,NIC,1998,36.9
Upper middle income,UMC,1998,38.6
World,WLD,1998,38.6
Moldova,MDA,1998,43.3
Cote d'Ivoire,CIV,1998,43.9
Mongolia,MNG,1998,45.0
Low & middle income,LMY,1998,46.9
Ghana,GHA,1998,47.0
Pakistan,PAK,1998,47.9
Uzbekistan,UZB,1998,51.6
East Asia & Pacific,EAS,1998,51.8
Lower middle income,LMC,1998,52.0
Zambia,ZMB,1998,52.1
Turkmenistan,TKM,1998,57.1
Fragile and conflict affected situations,FCS,1998,58.8
IDA total,IDA,1998,58.9
Sub-Saharan Africa,SSF,1998,62.1
Low income,LIC,1998,64.4
Indonesia,IDN,1998,65.2
"Gambia, The",GMB,1998,70.0
Burkina Faso,BFA,1998,75.1
Burundi,BDI,1998,78.1
Netherlands,NLD,1999,0.3
United Kingdom,GBR,1999,0.4
United States,USA,1999,0.8
High income,HIC,1999,0.9
Jamaica,JAM,1999,10.0
Argentina,ARG,1999,11.7
Costa Rica,CRI,1999,12.5
Russian Federation,RUS,1999,15.5
Paraguay,PRY,1999,16.3
Thailand,THA,1999,16.5
Europe & Central Asia,ECS,1999,18.5
Middle East & North Africa,MEA,1999,19.2
Panama,PAN,1999,19.2
"Venezuela, RB",VEN,1999,21.0
Brazil,BRA,1999,22.1
Latin America & Caribbean,LCN,1999,22.7
Belize,BLZ,1999,23.8
"Egypt, Arab Rep.",EGY,1999,24.5
El Salvador,SLV,1999,25.2
Peru,PER,1999,26.2
Suriname,SUR,1999,29.2
Belarus,BLR,1999,29.4
Colombia,COL,1999,30.8
Bolivia,BOL,1999,32.4
Ecuador,ECU,1999,33.1
Georgia,GEO,1999,33.5
Armenia,ARM,1999,34.7
Honduras,HND,1999,36.4
World,WLD,1999,38.2
Upper middle income,UMC,1999,38.5
Low & middle income,LMY,1999,46.4
East Asia & Pacific,EAS,1999,49.8
Moldova,MDA,1999,51.0
Lower middle income,LMC,1999,51.1
China,CHN,1999,51.4
Indonesia,IDN,1999,54.4
Fragile and conflict affected situations,FCS,1999,58.5
IDA total,IDA,1999,58.8
Tajikistan,TJK,1999,61.2
Sub-Saharan Africa,SSF,1999,62.1
Ethiopia,ETH,1999,63.9
Low income,LIC,1999,64.2
Madagascar,MDG,1999,66.4
Uganda,UGA,1999,67.3
Finland,FIN,2000,0.0
Luxembourg,LUX,2000,0.0
Denmark,DNK,2000,0.1
France,FRA,2000,0.1
Germany,DEU,2000,0.1
Sweden,SWE,2000,0.1
Switzerland,CHE,2000,0.1
Austria,AUT,2000,0.2
Ireland,IRL,2000,0.2
Norway,NOR,2000,0.3
Canada,CAN,2000,0.4
Belgium,BEL,2000,0.5
United Kingdom,GBR,2000,0.5
Spain,ESP,2000,0.7
United States,USA,2000,0.8
Greece,GRC,2000,0.9
High income,HIC,2000,0.9
Italy,ITA,2000,1.7
Uruguay,URY,2000,2.5
Tonga,TON,2000,8.9
Chile,CHL,2000,11.3
Dominican Republic,DOM,2000,11.7
Russian Federation,RUS,2000,12.7
Costa Rica,CRI,2000,12.8
Argentina,ARG,2000,13.4
Europe & Central Asia,ECS,2000,16.5
Thailand,THA,2000,16.8
Panama,PAN,2000,17.8
Mexico,MEX,2000,18.3
Middle East & North Africa,MEA,2000,18.7
Guatemala,GTM,2000,19.1
Tunisia,TUN,2000,19.3
El Salvador,SLV,2000,20.8
Latin America & Caribbean,LCN,2000,21.3
Morocco,MAR,2000,22.6
Belarus,BLR,2000,24.7
Peru,PER,2000,25.5
Colombia,COL,2000,27.6
Philippines,PHL,2000,29.2
Georgia,GEO,2000,35.2
Upper middle income,UMC,2000,36.1
Bolivia,BOL,2000,36.2
Mauritania,MRT,2000,36.4
World,WLD,2000,37.3
Ecuador,ECU,2000,39.6
South Africa,ZAF,2000,41.3
Low & middle income,LMY,2000,45.2
Angola,AGO,2000,47.3
East Asia & Pacific,EAS,2000,47.5
Sao Tome and Principe,STP,2000,48.6
Moldova,MDA,2000,50.5
Bangladesh,BGD,2000,51.1
Kyrgyz Republic,KGZ,2000,52.4
Indonesia,IDN,2000,53.9
Eswatini,SWZ,2000,54.2
IDA total,IDA,2000,58.8
Sub-Saharan Africa,SSF,2000,62.0
Low income,LIC,2000,64.0
Uzbekistan,UZB,2000,64.9
Rwanda,RWA,2000,72.9
Tanzania,TZA,2000,78.9
Germany,DEU,2001,0.1
United Kingdom,GBR,2001,0.4
Israel,ISR,2001,0.6
Australia,AUS,2001,0.9
High income,HIC,2001,0.9
United States,USA,2001,1.0
Bosnia and Herzegovina,BIH,2001,1.9
Uruguay,URY,2001,2.9
Russian Federation,RUS,2001,9.5
Costa Rica,CRI,2001,9.7
Dominican Republic,DOM,2001,11.1
Europe & Central Asia,ECS,2001,15.0
Paraguay,PRY,2001,15.4
Belarus,BLR,2001,15.9
Azerbaijan,AZE,2001,16.8
Argentina,ARG,2001,17.2
Middle East & North Africa,MEA,2001,18.2
"Venezuela, RB",VEN,2001,19.3
Brazil,BRA,2001,19.4
Latin America & Caribbean,LCN,2001,21.1
Panama,PAN,2001,21.2
El Salvador,SLV,2001,22.1
Kazakhstan,KAZ,2001,24.9
Peru,PER,2001,27.0
Honduras,HND,2001,29.4
Cabo Verde,CPV,2001,29.9
Nicaragua,NIC,2001,30.1
Bolivia,BOL,2001,31.1
Colombia,COL,2001,31.7
Upper middle income,UMC,2001,34.6
Georgia,GEO,2001,36.5
World,WLD,2001,36.6
Armenia,ARM,2001,36.7
Cameroon,CMR,2001,42.0
Low & middle income,LMY,2001,44.3
Moldova,MDA,2001,44.3
East Asia & Pacific,EAS,2001,45.8
Kyrgyz Republic,KGZ,2001,49.7
Lower middle income,LMC,2001,50.2
Pakistan,PAK,2001,51.7
Timor-Leste,TLS,2001,51.9
Indonesia,IDN,2001,52.0
Fragile and conflict affected situations,FCS,2001,56.7
Senegal,SEN,2001,57.2
IDA total,IDA,2001,58.2
Sub-Saharan Africa,SSF,2001,61.4
Mali,MLI,2001,62.5
Low income,LIC,2001,63.1
Madagascar,MDG,2001,68.0
Switzerland,CHE,2002,0.0
Czech Republic,CZE,2002,0.1
Germany,DEU,2002,0.1
Ireland,IRL,2002,0.3
United Kingdom,GBR,2002,0.4
High income,HIC,2002,0.9
United States,USA,2002,0.9
Azerbaijan,AZE,2002,2.5
Uruguay,URY,2002,3.8
Russian Federation,RUS,2002,7.5
Costa Rica,CRI,2002,9.2
Jordan,JOR,2002,10.0
Jamaica,JAM,2002,11.2
Turkey,TUR,2002,11.3
Samoa,WSM,2002,11.6
Dominican Republic,DOM,2002,12.3
Thailand,THA,2002,12.4
Ukraine,UKR,2002,12.4
Belarus,BLR,2002,12.7
Europe & Central Asia,ECS,2002,13.4
Fiji,FJI,2002,13.7
Albania,ALB,2002,15.1
Mexico,MEX,2002,16.2
Panama,PAN,2002,17.8
Middle East & North Africa,MEA,2002,18.3
Brazil,BRA,2002,18.5
Maldives,MDV,2002,19.6
Latin America & Caribbean,LCN,2002,20.7
Paraguay,PRY,2002,21.4
Kazakhstan,KAZ,2002,22.0
El Salvador,SLV,2002,22.4
Colombia,COL,2002,23.9
Peru,PER,2002,24.4
Argentina,ARG,2002,24.9
Georgia,GEO,2002,25.5
"Venezuela, RB",VEN,2002,26.2
Mongolia,MNG,2002,27.2
Sri Lanka,LKA,2002,29.5
Upper middle income,UMC,2002,32.6
Bolivia,BOL,2002,32.7
Honduras,HND,2002,32.9
Moldova,MDA,2002,34.1
Armenia,ARM,2002,34.3
World,WLD,2002,35.6
Djibouti,DJI,2002,36.9
Botswana,BWA,2002,37.5
East Asia & Pacific,EAS,2002,42.7
Low & middle income,LMY,2002,42.9
Cote d'Ivoire,CIV,2002,43.2
Indonesia,IDN,2002,43.8
China,CHN,2002,43.9
Kyrgyz Republic,KGZ,2002,48.7
Lower middle income,LMC,2002,49.1
Lao PDR,LAO,2002,50.5
Vietnam,VNM,2002,50.8
South Asia,SAS,2002,54.3
Fragile and conflict affected situations,FCS,2002,56.1
IDA total,IDA,2002,57.8
Zambia,ZMB,2002,58.9
Sub-Saharan Africa,SSF,2002,60.8
Guinea-Bissau,GNB,2002,62.5
Uzbekistan,UZB,2002,62.5
Low income,LIC,2002,63.0
Lesotho,LSO,2002,65.0
Guinea,GIN,2002,65.4
Uganda,UGA,2002,65.6
Mozambique,MOZ,2002,74.5
Finland,FIN,2003,0.1
Iceland,ISL,2003,0.1
Luxembourg,LUX,2003,0.1
France,FRA,2003,0.2
Germany,DEU,2003,0.2
Ireland,IRL,2003,0.2
Norway,NOR,2003,0.2
Denmark,DNK,2003,0.3
Austria,AUT,2003,0.4
Belgium,BEL,2003,0.4
Sweden,SWE,2003,0.5
United Kingdom,GBR,2003,0.5
Greece,GRC,2003,0.7
High income,HIC,2003,0.9
Italy,ITA,2003,1.0
Australia,AUS,2003,1.1
Spain,ESP,2003,1.1
United States,USA,2003,1.1
Portugal,PRT,2003,1.4
Azerbaijan,AZE,2003,2.9
Estonia,EST,2003,4.7
Uruguay,URY,2003,5.1
Malaysia,MYS,2003,6.9
Russian Federation,RUS,2003,7.2
Ukraine,UKR,2003,8.7
Costa Rica,CRI,2003,9.0
Belarus,BLR,2003,10.9
Chile,CHL,2003,10.9
Syrian Arab Republic,SYR,2003,11.5
Europe & Central Asia,ECS,2003,12.9
Turkey,TUR,2003,13.1
Argentina,ARG,2003,14.8
Dominican Republic,DOM,2003,15.3
Paraguay,PRY,2003,16.3
Panama,PAN,2003,17.2
Kazakhstan,KAZ,2003,18.7
Kosovo,XKX,2003,18.9
Brazil,BRA,2003,19.2
Middle East & North Africa,MEA,2003,19.8
Latin America & Caribbean,LCN,2003,20.2
Peru,PER,2003,22.7
Colombia,COL,2003,23.1
El Salvador,SLV,2003,23.4
Ecuador,ECU,2003,25.4
Georgia,GEO,2003,25.6
Moldova,MDA,2003,26.4
Philippines,PHL,2003,28.3
"Venezuela, RB",VEN,2003,30.4
Upper middle income,UMC,2003,31.1
Armenia,ARM,2003,31.9
Bhutan,BTN,2003,34.6
World,WLD,2003,34.9
Honduras,HND,2003,36.8
East Asia & Pacific,EAS,2003,40.4
Low & middle income,LMY,2003,42.0
Namibia,NAM,2003,42.5
Indonesia,IDN,2003,42.8
Kyrgyz Republic,KGZ,2003,46.2
Tajikistan,TJK,2003,46.5
Lower middle income,LMC,2003,48.4
South Asia,SAS,2003,53.7
"Gambia, The",GMB,2003,53.8
Fragile and conflict affected situations,FCS,2003,56.9
Nepal,NPL,2003,57.3
IDA total,IDA,2003,57.5
Benin,BEN,2003,59.2
Sub-Saharan Africa,SSF,2003,60.7
Burkina Faso,BFA,2003,62.0
Nigeria,NGA,2003,62.1
Low income,LIC,2003,63.1
Chad,TCD,2003,64.0
Uzbekistan,UZB,2003,64.4
Sierra Leone,SLE,2003,69.8
Luxembourg,LUX,2004,0.0
Austria,AUT,2004,0.1
Belgium,BEL,2004,0.1
Cyprus,CYP,2004,0.1
Finland,FIN,2004,0.1
France,FRA,2004,0.1
Germany,DEU,2004,0.1
Ireland,IRL,2004,0.1
Slovenia,SVN,2004,0.1
Czech Republic,CZE,2004,0.2
Iceland,ISL,2004,0.2
Canada,CAN,2004,0.3
Denmark,DNK,2004,0.3
Norway,NOR,2004,0.3
Netherlands,NLD,2004,0.4
Sweden,SWE,2004,0.5
Hungary,HUN,2004,0.6
United Kingdom,GBR,2004,0.6
Australia,AUS,2004,0.7
Bosnia and Herzegovina,BIH,2004,0.9
Greece,GRC,2004,0.9
High income,HIC,2004,0.9
Italy,ITA,2004,0.9
Portugal,PRT,2004,0.9
Slovak Republic,SVK,2004,1.1
United States,USA,2004,1.1
Spain,ESP,2004,1.2
Azerbaijan,AZE,2004,1.8
Estonia,EST,2004,2.8
Poland,POL,2004,4.5
Latvia,LVA,2004,5.4
Uruguay,URY,2004,5.9
Russian Federation,RUS,2004,6.3
West Bank and Gaza,PSE,2004,6.4
Belarus,BLR,2004,6.5
Ukraine,UKR,2004,6.5
Lithuania,LTU,2004,6.8
Costa Rica,CRI,2004,8.9
Turkey,TUR,2004,9.1
Jamaica,JAM,2004,9.2
Thailand,THA,2004,9.8
Europe & Central Asia,ECS,2004,11.0
Argentina,ARG,2004,12.0
Paraguay,PRY,2004,14.1
Mexico,MEX,2004,14.2
Kazakhstan,KAZ,2004,15.1
Panama,PAN,2004,16.3
Brazil,BRA,2004,17.9
Middle East & North Africa,MEA,2004,18.1
Latin America & Caribbean,LCN,2004,18.9
Dominican Republic,DOM,2004,19.1
El Salvador,SLV,2004,20.0
Colombia,COL,2004,22.5
Peru,PER,2004,23.3
Georgia,GEO,2004,23.9
Bolivia,BOL,2004,24.4
Armenia,ARM,2004,25.4
Ecuador,ECU,2004,26.0
"Venezuela, RB",VEN,2004,26.5
Moldova,MDA,2004,27.0
Upper middle income,UMC,2004,28.3
Comoros,COM,2004,29.8
"Egypt, Arab Rep.",EGY,2004,29.9
Kyrgyz Republic,KGZ,2004,31.7
World,WLD,2004,33.5
Tajikistan,TJK,2004,35.0
Honduras,HND,2004,35.9
Mauritania,MRT,2004,36.3
East Asia & Pacific,EAS,2004,37.8
Low & middle income,LMY,2004,40.3
Indonesia,IDN,2004,43.3
Vietnam,VNM,2004,43.7
Pakistan,PAK,2004,44.3
Lower middle income,LMC,2004,47.6
South Asia,SAS,2004,52.9
India,IND,2004,54.1
Fragile and conflict affected situations,FCS,2004,54.3
Ethiopia,ETH,2004,55.6
IDA total,IDA,2004,55.6
Sub-Saharan Africa,SSF,2004,59.3
Zambia,ZMB,2004,61.2
Low income,LIC,2004,61.4
Malawi,MWI,2004,69.8
"Congo, Dem. Rep.",COD,2004,86.6
Cyprus,CYP,2005,0.0
Czech Republic,CZE,2005,0.1
Finland,FIN,2005,0.1
France,FRA,2005,0.1
Germany,DEU,2005,0.1
Iceland,ISL,2005,0.1
Ireland,IRL,2005,0.1
Luxembourg,LUX,2005,0.1
Austria,AUT,2005,0.2
Netherlands,NLD,2005,0.2
Slovenia,SVN,2005,0.2
Belgium,BEL,2005,0.3
Denmark,DNK,2005,0.3
Norway,NOR,2005,0.3
Greece,GRC,2005,0.6
United Kingdom,GBR,2005,0.6
Azerbaijan,AZE,2005,0.8
Slovak Republic,SVK,2005,0.8
High income,HIC,2005,0.9
Italy,ITA,2005,0.9
Portugal,PRT,2005,1.0
Spain,ESP,2005,1.1
Sweden,SWE,2005,1.1
United States,USA,2005,1.1
Hungary,HUN,2005,1.4
Israel,ISR,2005,1.6
Estonia,EST,2005,1.8
Poland,POL,2005,2.7
Ukraine,UKR,2005,3.7
Belarus,BLR,2005,3.9
Lithuania,LTU,2005,4.4
"Iran, Islamic Rep.",IRN,2005,4.5
Latvia,LVA,2005,5.0
Russian Federation,RUS,2005,5.2
Uruguay,URY,2005,5.3
West Bank and Gaza,PSE,2005,6.1
Costa Rica,CRI,2005,7.6
Turkey,TUR,2005,8.5
Argentina,ARG,2005,9.8
Europe & Central Asia,ECS,2005,10.2
Albania,ALB,2005,10.6
Paraguay,PRY,2005,13.0
Tunisia,TUN,2005,14.1
Dominican Republic,DOM,2005,14.3
Mexico,MEX,2005,14.4
Panama,PAN,2005,15.7
Brazil,BRA,2005,16.6
Middle East & North Africa,MEA,2005,17.2
Latin America & Caribbean,LCN,2005,17.8
Kazakhstan,KAZ,2005,18.8
Kosovo,XKX,2005,19.6
El Salvador,SLV,2005,19.7
Armenia,ARM,2005,20.1
Colombia,COL,2005,20.2
"Micronesia, Fed. Sts.",FSM,2005,20.7
Ecuador,ECU,2005,21.1
"Venezuela, RB",VEN,2005,22.0
Gabon,GAB,2005,22.2
Nicaragua,NIC,2005,22.3
Peru,PER,2005,25.0
Georgia,GEO,2005,25.3
Upper middle income,UMC,2005,25.3
Bolivia,BOL,2005,27.4
"Yemen, Rep.",YEM,2005,30.8
World,WLD,2005,31.9
Moldova,MDA,2005,32.1
China,CHN,2005,33.5
East Asia & Pacific,EAS,2005,34.2
Honduras,HND,2005,34.8
Kyrgyz Republic,KGZ,2005,35.2
South Africa,ZAF,2005,36.9
Ghana,GHA,2005,37.9
Low & middle income,LMY,2005,38.4
Indonesia,IDN,2005,41.6
Pakistan,PAK,2005,43.8
Lower middle income,LMC,2005,46.4
Bangladesh,BGD,2005,46.6
Senegal,SEN,2005,51.0
South Asia,SAS,2005,51.5
Fragile and conflict affected situations,FCS,2005,53.0
Kenya,KEN,2005,53.3
IDA total,IDA,2005,54.1
Solomon Islands,SLB,2005,55.6
Sub-Saharan Africa,SSF,2005,58.4
"Congo, Rep.",COG,2005,59.1
Low income,LIC,2005,60.2
Uganda,UGA,2005,61.0
Rwanda,RWA,2005,67.6
Madagascar,MDG,2005,69.3
Niger,NER,2005,72.0
Cyprus,CYP,2006,0.0
Germany,DEU,2006,0.0
Luxembourg,LUX,2006,0.0
Czech Republic,CZE,2006,0.1
Finland,FIN,2006,0.1
France,FRA,2006,0.1
Netherlands,NLD,2006,0.1
Slovenia,SVN,2006,0.1
Switzerland,CHE,2006,0.1
Austria,AUT,2006,0.2
Belgium,BEL,2006,0.2
Denmark,DNK,2006,0.2
Iceland,ISL,2006,0.2
Norway,NOR,2006,0.2
Ireland,IRL,2006,0.3
Hungary,HUN,2006,0.4
Sweden,SWE,2006,0.4
United Kingdom,GBR,2006,0.4
"Korea, Rep.",KOR,2006,0.5
Malta,MLT,2006,0.5
Portugal,PRT,2006,0.5
Slovak Republic,SVK,2006,0.7
Greece,GRC,2006,0.8
High income,HIC,2006,0.8
Italy,ITA,2006,0.9
Spain,ESP,2006,1.1
United States,USA,2006,1.1
Estonia,EST,2006,1.3
Poland,POL,2006,1.9
Belarus,BLR,2006,2.4
Lithuania,LTU,2006,2.6
Latvia,LVA,2006,2.7
Ukraine,UKR,2006,2.8
Russian Federation,RUS,2006,4.0
"Iran, Islamic Rep.",IRN,2006,4.6
Uruguay,URY,2006,4.6
Malaysia,MYS,2006,4.7
West Bank and Gaza,PSE,2006,5.0
Mauritius,MUS,2006,5.1
Chile,CHL,2006,5.8
Jordan,JOR,2006,5.8
Turkey,TUR,2006,7.2
Kazakhstan,KAZ,2006,7.3
Thailand,THA,2006,7.4
Costa Rica,CRI,2006,7.5
Argentina,ARG,2006,7.8
Europe & Central Asia,ECS,2006,8.7
Bulgaria,BGR,2006,9.9
Mexico,MEX,2006,11.9
Dominican Republic,DOM,2006,12.6
Moldova,MDA,2006,12.6
"Venezuela, RB",VEN,2006,13.5
Brazil,BRA,2006,14.4
Romania,ROU,2006,14.4
Latin America & Caribbean,LCN,2006,15.4
Morocco,MAR,2006,15.7
Paraguay,PRY,2006,15.9
Panama,PAN,2006,16.2
Middle East & North Africa,MEA,2006,16.6
El Salvador,SLV,2006,16.8
Iraq,IRQ,2006,17.2
Armenia,ARM,2006,17.3
Ecuador,ECU,2006,17.3
Kosovo,XKX,2006,19.4
Guatemala,GTM,2006,19.9
Peru,PER,2006,22.0
Sri Lanka,LKA,2006,22.5
Upper middle income,UMC,2006,23.4
Bolivia,BOL,2006,24.2
Georgia,GEO,2006,25.7
Kyrgyz Republic,KGZ,2006,27.0
Kiribati,KIR,2006,29.1
Philippines,PHL,2006,29.3
Honduras,HND,2006,30.6
World,WLD,2006,31.1
East Asia & Pacific,EAS,2006,33.0
Low & middle income,LMY,2006,37.4
Vietnam,VNM,2006,38.2
Indonesia,IDN,2006,45.0
Lower middle income,LMC,2006,46.0
South Asia,SAS,2006,50.9
Fragile and conflict affected situations,FCS,2006,51.8
IDA total,IDA,2006,53.2
Sub-Saharan Africa,SSF,2006,57.6
Mali,MLI,2006,58.6
Low income,LIC,2006,59.4
Togo,TGO,2006,60.0
Zambia,ZMB,2006,63.7
Burundi,BDI,2006,72.7
Cyprus,CYP,2007,0.0
France,FRA,2007,0.0
Germany,DEU,2007,0.0
Luxembourg,LUX,2007,0.0
Finland,FIN,2007,0.1
Iceland,ISL,2007,0.1
Ireland,IRL,2007,0.1
Netherlands,NLD,2007,0.1
Slovenia,SVN,2007,0.1
Switzerland,CHE,2007,0.1
Belgium,BEL,2007,0.2
Canada,CAN,2007,0.2
Czech Republic,CZE,2007,0.2
Denmark,DNK,2007,0.2
Norway,NOR,2007,0.2
Hungary,HUN,2007,0.4
United Kingdom,GBR,2007,0.4
Austria,AUT,2007,0.5
Malta,MLT,2007,0.5
Sweden,SWE,2007,0.5
Bosnia and Herzegovina,BIH,2007,0.6
Portugal,PRT,2007,0.6
High income,HIC,2007,0.7
Spain,ESP,2007,0.7
Greece,GRC,2007,0.8
Slovak Republic,SVK,2007,0.8
Estonia,EST,2007,0.9
Italy,ITA,2007,0.9
United States,USA,2007,1.1
Poland,POL,2007,1.2
Israel,ISR,2007,1.3
Belarus,BLR,2007,1.6
Latvia,LVA,2007,1.6
Lithuania,LTU,2007,1.9
Ukraine,UKR,2007,2.4
Russian Federation,RUS,2007,2.7
Uruguay,URY,2007,3.8
Kazakhstan,KAZ,2007,4.3
Bulgaria,BGR,2007,4.4
Costa Rica,CRI,2007,5.5
Turkey,TUR,2007,6.1
Thailand,THA,2007,6.2
Argentina,ARG,2007,6.9
Europe & Central Asia,ECS,2007,7.5
West Bank and Gaza,PSE,2007,8.1
Moldova,MDA,2007,8.9
Romania,ROU,2007,11.2
Mongolia,MNG,2007,12.1
Dominican Republic,DOM,2007,12.3
Brazil,BRA,2007,13.6
Panama,PAN,2007,13.6
Paraguay,PRY,2007,14.0
El Salvador,SLV,2007,14.2
Armenia,ARM,2007,14.5
Latin America & Caribbean,LCN,2007,14.5
Middle East & North Africa,MEA,2007,16.1
Ecuador,ECU,2007,17.0
Peru,PER,2007,18.9
Upper middle income,UMC,2007,21.6
Cabo Verde,CPV,2007,21.9
Bolivia,BOL,2007,22.1
Bhutan,BTN,2007,25.0
Kyrgyz Republic,KGZ,2007,26.3
Honduras,HND,2007,26.7
Georgia,GEO,2007,27.0
Tajikistan,TJK,2007,27.7
World,WLD,2007,29.9
East Asia & Pacific,EAS,2007,30.4
Low & middle income,LMY,2007,36.0
Indonesia,IDN,2007,40.5
Pakistan,PAK,2007,41.3
Cameroon,CMR,2007,44.2
Lower middle income,LMC,2007,44.6
Lao PDR,LAO,2007,46.1
South Asia,SAS,2007,49.8
Fragile and conflict affected situations,FCS,2007,51.0
IDA total,IDA,2007,52.1
Timor-Leste,TLS,2007,54.8
Sub-Saharan Africa,SSF,2007,56.9
Low income,LIC,2007,58.4
Guinea,GIN,2007,62.1
Tanzania,TZA,2007,63.6
Niger,NER,2007,69.4
Liberia,LBR,2007,70.1
Cyprus,CYP,2008,0.0
France,FRA,2008,0.0
Luxembourg,LUX,2008,0.0
Slovenia,SVN,2008,0.0
Belgium,BEL,2008,0.1
Czech Republic,CZE,2008,0.1
Finland,FIN,2008,0.1
Iceland,ISL,2008,0.1
Switzerland,CHE,2008,0.1
Germany,DEU,2008,0.2
Malta,MLT,2008,0.2
Netherlands,NLD,2008,0.2
Norway,NOR,2008,0.2
Denmark,DNK,2008,0.3
Hungary,HUN,2008,0.3
Ireland,IRL,2008,0.3
Australia,AUS,2008,0.5
Austria,AUT,2008,0.5
Greece,GRC,2008,0.5
"Korea, Rep.",KOR,2008,0.5
United Kingdom,GBR,2008,0.5
High income,HIC,2008,0.7
Japan,JPN,2008,0.7
Portugal,PRT,2008,0.7
Sweden,SWE,2008,0.7
Estonia,EST,2008,0.8
Poland,POL,2008,0.8
Slovak Republic,SVK,2008,0.8
Spain,ESP,2008,0.8
Italy,ITA,2008,0.9
Belarus,BLR,2008,1.1
Ukraine,UKR,2008,1.2
United States,USA,2008,1.2
Russian Federation,RUS,2008,1.6
Lithuania,LTU,2008,2.1
Latvia,LVA,2008,2.2
Uruguay,URY,2008,2.6
Bulgaria,BGR,2008,3.2
Kazakhstan,KAZ,2008,3.6
Malaysia,MYS,2008,4.8
Jordan,JOR,2008,5.0
Turkey,TUR,2008,5.1
Costa Rica,CRI,2008,5.4
Thailand,THA,2008,5.4
Europe & Central Asia,ECS,2008,6.3
Argentina,ARG,2008,6.4
Albania,ALB,2008,7.4
Romania,ROU,2008,8.6
Moldova,MDA,2008,9.4
Panama,PAN,2008,9.8
Samoa,WSM,2008,10.7
Fiji,FJI,2008,11.1
Paraguay,PRY,2008,11.6
Brazil,BRA,2008,11.8
Armenia,ARM,2008,12.5
Dominican Republic,DOM,2008,12.5
Mexico,MEX,2008,12.8
Latin America & Caribbean,LCN,2008,13.7
Middle East & North Africa,MEA,2008,15.7
Ecuador,ECU,2008,15.9
Peru,PER,2008,16.3
El Salvador,SLV,2008,17.2
Bolivia,BOL,2008,17.9
Colombia,COL,2008,19.2
Kyrgyz Republic,KGZ,2008,19.6
Upper middle income,UMC,2008,20.3
Georgia,GEO,2008,24.5
Honduras,HND,2008,25.3
Mauritania,MRT,2008,27.5
China,CHN,2008,27.6
South Africa,ZAF,2008,28.3
East Asia & Pacific,EAS,2008,29.0
"Egypt, Arab Rep.",EGY,2008,29.0
World,WLD,2008,29.2
Low & middle income,LMY,2008,35.1
Vietnam,VNM,2008,35.1
Indonesia,IDN,2008,39.9
Lower middle income,LMC,2008,44.0
Cote d'Ivoire,CIV,2008,45.0
Angola,AGO,2008,46.2
South Asia,SAS,2008,49.2
Fragile and conflict affected situations,FCS,2008,50.2
IDA total,IDA,2008,51.1
Sub-Saharan Africa,SSF,2008,56.1
Low income,LIC,2008,57.2
Central African Republic,CAF,2008,66.3
Mozambique,MOZ,2008,69.4
Slovenia,SVN,2009,0.0
Belgium,BEL,2009,0.1
Cyprus,CYP,2009,0.1
Czech Republic,CZE,2009,0.1
Finland,FIN,2009,0.1
France,FRA,2009,0.1
Germany,DEU,2009,0.1
Iceland,ISL,2009,0.1
Luxembourg,LUX,2009,0.1
Norway,NOR,2009,0.1
Switzerland,CHE,2009,0.1
Netherlands,NLD,2009,0.2
United Kingdom,GBR,2009,0.2
Hungary,HUN,2009,0.3
Denmark,DNK,2009,0.5
Malta,MLT,2009,0.5
Portugal,PRT,2009,0.5
Ireland,IRL,2009,0.6
Sweden,SWE,2009,0.6
Austria,AUT,2009,0.7
Greece,GRC,2009,0.7
High income,HIC,2009,0.7
Poland,POL,2009,0.9
Slovak Republic,SVK,2009,0.9
Estonia,EST,2009,1.0
United States,USA,2009,1.0
Belarus,BLR,2009,1.1
Italy,ITA,2009,1.1
Spain,ESP,2009,1.1
Ukraine,UKR,2009,1.4
Russian Federation,RUS,2009,1.5
Croatia,HRV,2009,1.7
Uruguay,URY,2009,2.5
Bulgaria,BGR,2009,3.0
Latvia,LVA,2009,3.6
Lithuania,LTU,2009,3.8
Kazakhstan,KAZ,2009,3.9
West Bank and Gaza,PSE,2009,4.4
Chile,CHL,2009,4.5
"Iran, Islamic Rep.",IRN,2009,4.6
Thailand,THA,2009,4.6
Turkey,TUR,2009,4.7
Costa Rica,CRI,2009,5.5
Argentina,ARG,2009,5.7
Europe & Central Asia,ECS,2009,6.2
Romania,ROU,2009,7.9
Panama,PAN,2009,8.6
Moldova,MDA,2009,8.8
Tonga,TON,2009,9.2
Brazil,BRA,2009,11.1
Dominican Republic,DOM,2009,11.3
Paraguay,PRY,2009,12.1
Latin America & Caribbean,LCN,2009,13.2
Peru,PER,2009,14.7
Middle East & North Africa,MEA,2009,14.8
Maldives,MDV,2009,15.1
Ecuador,ECU,2009,15.5
Kosovo,XKX,2009,15.5
Armenia,ARM,2009,15.8
Bolivia,BOL,2009,15.9
North Macedonia,MKD,2009,16.4
El Salvador,SLV,2009,16.9
Kyrgyz Republic,KGZ,2009,17.7
Colombia,COL,2009,17.9
Upper middle income,UMC,2009,18.9
Sri Lanka,LKA,2009,19.3
Nicaragua,NIC,2009,19.7
Tajikistan,TJK,2009,20.4
Honduras,HND,2009,22.6
Georgia,GEO,2009,24.6
Philippines,PHL,2009,26.6
East Asia & Pacific,EAS,2009,27.0
Botswana,BWA,2009,27.6
World,WLD,2009,28.5
Sudan,SDN,2009,33.5
Low & middle income,LMY,2009,34.2
Namibia,NAM,2009,36.1
Indonesia,IDN,2009,38.1
Lower middle income,LMC,2009,43.1
South Asia,SAS,2009,48.5
Fragile and conflict affected situations,FCS,2009,49.9
Eswatini,SWZ,2009,50.2
Papua New Guinea,PNG,2009,50.2
India,IND,2009,50.5
IDA total,IDA,2009,50.6
South Sudan,SSD,2009,53.0
Uganda,UGA,2009,54.8
Sub-Saharan Africa,SSF,2009,56.1
Low income,LIC,2009,57.3
Mali,MLI,2009,58.7
Burkina Faso,BFA,2009,61.2
Nigeria,NGA,2009,61.2
Luxembourg,LUX,2010,0.0
Slovenia,SVN,2010,0.0
Cyprus,CYP,2010,0.1
Denmark,DNK,2010,0.1
Finland,FIN,2010,0.1
France,FRA,2010,0.1
Germany,DEU,2010,0.1
Netherlands,NLD,2010,0.1
Norway,NOR,2010,0.1
Switzerland,CHE,2010,0.1
Belgium,BEL,2010,0.2
Czech Republic,CZE,2010,0.2
Iceland,ISL,2010,0.2
Japan,JPN,2010,0.2
Malta,MLT,2010,0.2
Canada,CAN,2010,0.3
United Kingdom,GBR,2010,0.3
Hungary,HUN,2010,0.4
Australia,AUS,2010,0.5
Austria,AUT,2010,0.5
Portugal,PRT,2010,0.5
Belarus,BLR,2010,0.6
"Korea, Rep.",KOR,2010,0.6
High income,HIC,2010,0.7
Ireland,IRL,2010,0.7
Sweden,SWE,2010,0.7
Ukraine,UKR,2010,0.8
Poland,POL,2010,0.9
Slovak Republic,SVK,2010,0.9
Israel,ISR,2010,1.1
Spain,ESP,2010,1.1
Russian Federation,RUS,2010,1.2
United States,USA,2010,1.2
Greece,GRC,2010,1.3
Estonia,EST,2010,1.5
Italy,ITA,2010,1.5
Uruguay,URY,2010,2.0
Croatia,HRV,2010,2.2
Kazakhstan,KAZ,2010,2.8
Lithuania,LTU,2010,3.1
Jordan,JOR,2010,3.6
Latvia,LVA,2010,3.6
Thailand,THA,2010,4.0
Bulgaria,BGR,2010,4.1
Costa Rica,CRI,2010,4.4
Turkey,TUR,2010,4.6
West Bank and Gaza,PSE,2010,4.7
Argentina,ARG,2010,4.8
Europe & Central Asia,ECS,2010,6.0
Moldova,MDA,2010,7.2
Panama,PAN,2010,9.0
Romania,ROU,2010,9.0
Tunisia,TUN,2010,9.3
Mongolia,MNG,2010,10.7
Dominican Republic,DOM,2010,11.0
Paraguay,PRY,2010,11.3
Mexico,MEX,2010,12.0
Latin America & Caribbean,LCN,2010,12.3
Peru,PER,2010,12.6
Ecuador,ECU,2010,13.3
Middle East & North Africa,MEA,2010,13.8
Kosovo,XKX,2010,15.6
El Salvador,SLV,2010,16.0
Armenia,ARM,2010,16.1
Colombia,COL,2010,16.1
North Macedonia,MKD,2010,16.1
Tuvalu,TUV,2010,16.1
Vietnam,VNM,2010,16.1
Upper middle income,UMC,2010,17.2
Kyrgyz Republic,KGZ,2010,19.6
China,CHN,2010,23.1
"Egypt, Arab Rep.",EGY,2010,23.5
East Asia & Pacific,EAS,2010,24.0
Honduras,HND,2010,24.4
Georgia,GEO,2010,25.8
World,WLD,2010,27.0
South Africa,ZAF,2010,27.5
Vanuatu,VUT,2010,31.7
Low & middle income,LMY,2010,32.3
Indonesia,IDN,2010,34.0
Pakistan,PAK,2010,36.4
Nepal,NPL,2010,38.5
Lower middle income,LMC,2010,40.9
"Gambia, The",GMB,2010,41.3
Bangladesh,BGD,2010,43.0
South Asia,SAS,2010,46.5
Fragile and conflict affected situations,FCS,2010,48.8
IDA total,IDA,2010,49.4
Sao Tome and Principe,STP,2010,51.9
Ethiopia,ETH,2010,53.4
Sub-Saharan Africa,SSF,2010,55.3
Low income,LIC,2010,56.6
Rwanda,RWA,2010,64.3
Zambia,ZMB,2010,65.3
Guinea-Bissau,GNB,2010,67.5
Malawi,MWI,2010,69.9
Madagascar,MDG,2010,73.2
Cyprus,CYP,2011,0.0
Germany,DEU,2011,0.0
Slovenia,SVN,2011,0.0
Switzerland,CHE,2011,0.0
Czech Republic,CZE,2011,0.1
Denmark,DNK,2011,0.1
Finland,FIN,2011,0.1
France,FRA,2011,0.1
Luxembourg,LUX,2011,0.1
Netherlands,NLD,2011,0.1
Norway,NOR,2011,0.1
Belgium,BEL,2011,0.2
Iceland,ISL,2011,0.2
Lebanon,LBN,2011,0.2
Malta,MLT,2011,0.3
Belarus,BLR,2011,0.4
Hungary,HUN,2011,0.5
United Kingdom,GBR,2011,0.5
Austria,AUT,2011,0.6
Ireland,IRL,2011,0.7
Slovak Republic,SVK,2011,0.7
Sweden,SWE,2011,0.7
Ukraine,UKR,2011,0.7
High income,HIC,2011,0.8
Bosnia and Herzegovina,BIH,2011,0.9
Poland,POL,2011,0.9
Portugal,PRT,2011,0.9
Russian Federation,RUS,2011,1.0
Kazakhstan,KAZ,2011,1.2
United States,USA,2011,1.2
Italy,ITA,2011,1.4
Estonia,EST,2011,1.5
Uruguay,URY,2011,1.5
Spain,ESP,2011,1.6
Lithuania,LTU,2011,1.7
Greece,GRC,2011,2.0
Malaysia,MYS,2011,2.0
Croatia,HRV,2011,2.1
Thailand,THA,2011,2.7
Latvia,LVA,2011,2.9
Chile,CHL,2011,3.3
Argentina,ARG,2011,3.7
Turkey,TUR,2011,3.8
West Bank and Gaza,PSE,2011,4.4
Costa Rica,CRI,2011,4.6
Bulgaria,BGR,2011,4.7
Europe & Central Asia,ECS,2011,5.6
Moldova,MDA,2011,5.9
Algeria,DZA,2011,6.5
Panama,PAN,2011,7.3
Mongolia,MNG,2011,8.5
Brazil,BRA,2011,9.5
Dominican Republic,DOM,2011,10.4
Romania,ROU,2011,10.5
Paraguay,PRY,2011,10.7
Ecuador,ECU,2011,11.3
Latin America & Caribbean,LCN,2011,11.4
Peru,PER,2011,11.7
Bolivia,BOL,2011,12.3
Kosovo,XKX,2011,12.6
Middle East & North Africa,MEA,2011,13.5
North Macedonia,MKD,2011,14.3
Colombia,COL,2011,14.4
Armenia,ARM,2011,15.0
Upper middle income,UMC,2011,15.0
El Salvador,SLV,2011,15.2
Kyrgyz Republic,KGZ,2011,18.2
China,CHN,2011,19.8
East Asia & Pacific,EAS,2011,21.3
Georgia,GEO,2011,24.5
Honduras,HND,2011,24.8
World,WLD,2011,25.3
Low & middle income,LMY,2011,30.3
Indonesia,IDN,2011,31.8
Pakistan,PAK,2011,35.5
Zimbabwe,ZWE,2011,36.1
Lower middle income,LMC,2011,38.5
South Asia,SAS,2011,43.4
India,IND,2011,44.4
Fragile and conflict affected situations,FCS,2011,48.0
IDA total,IDA,2011,48.4
"Congo, Rep.",COG,2011,49.6
Chad,TCD,2011,50.5
Senegal,SEN,2011,51.0
Sub-Saharan Africa,SSF,2011,54.1
Low income,LIC,2011,56.3
Benin,BEN,2011,57.8
Tanzania,TZA,2011,58.0
Togo,TGO,2011,59.3
Niger,NER,2011,59.7
Sierra Leone,SLE,2011,60.7
Cyprus,CYP,2012,0.0
Denmark,DNK,2012,0.0
Switzerland,CHE,2012,0.0
Finland,FIN,2012,0.1
France,FRA,2012,0.1
Germany,DEU,2012,0.1
Iceland,ISL,2012,0.1
Luxembourg,LUX,2012,0.1
Netherlands,NLD,2012,0.1
Slovenia,SVN,2012,0.1
Belarus,BLR,2012,0.2
Belgium,BEL,2012,0.2
Czech Republic,CZE,2012,0.2
Malta,MLT,2012,0.2
Norway,NOR,2012,0.2
Canada,CAN,2012,0.3
United Kingdom,GBR,2012,0.3
Ireland,IRL,2012,0.5
"Korea, Rep.",KOR,2012,0.5
Sweden,SWE,2012,0.5
Ukraine,UKR,2012,0.5
Austria,AUT,2012,0.7
High income,HIC,2012,0.8
Poland,POL,2012,0.8
Russian Federation,RUS,2012,0.9
Slovak Republic,SVK,2012,0.9
Hungary,HUN,2012,1.0
Kazakhstan,KAZ,2012,1.1
United States,USA,2012,1.2
Estonia,EST,2012,1.3
Israel,ISR,2012,1.3
Spain,ESP,2012,1.4
Uruguay,URY,2012,1.4
Portugal,PRT,2012,1.5
Italy,ITA,2012,1.6
Lithuania,LTU,2012,2.0
Croatia,HRV,2012,2.2
Latvia,LVA,2012,2.6
Greece,GRC,2012,2.7
Thailand,THA,2012,2.8
Turkey,TUR,2012,3.4
Argentina,ARG,2012,3.6
Costa Rica,CRI,2012,4.3
Mauritius,MUS,2012,4.3
Bulgaria,BGR,2012,4.6
Moldova,MDA,2012,5.3
Europe & Central Asia,ECS,2012,5.4
Mongolia,MNG,2012,5.8
Panama,PAN,2012,8.0
Brazil,BRA,2012,8.1
Kosovo,XKX,2012,8.2
Paraguay,PRY,2012,8.4
Albania,ALB,2012,8.6
Montenegro,MNE,2012,9.2
Serbia,SRB,2012,9.3
Latin America & Caribbean,LCN,2012,10.4
Dominican Republic,DOM,2012,10.5
Ecuador,ECU,2012,10.5
Peru,PER,2012,10.7
Romania,ROU,2012,10.9
Mexico,MEX,2012,11.3
Bolivia,BOL,2012,12.9
North Macedonia,MKD,2012,12.9
Nauru,NRU,2012,13.0
Vietnam,VNM,2012,13.1
Middle East & North Africa,MEA,2012,13.2
Upper middle income,UMC,2012,13.3
Armenia,ARM,2012,13.8
Colombia,COL,2012,13.8
El Salvador,SLV,2012,13.8
Bhutan,BTN,2012,14.5
Iraq,IRQ,2012,15.8
Sri Lanka,LKA,2012,16.5
China,CHN,2012,17.3
East Asia & Pacific,EAS,2012,19.2
Kyrgyz Republic,KGZ,2012,19.2
"Egypt, Arab Rep.",EGY,2012,21.1
Georgia,GEO,2012,21.7
World,WLD,2012,24.3
Ghana,GHA,2012,25.2
Philippines,PHL,2012,26.0
Honduras,HND,2012,28.7
Low & middle income,LMY,2012,29.0
Indonesia,IDN,2012,30.8
Djibouti,DJI,2012,32.3
Lao PDR,LAO,2012,35.8
Lower middle income,LMC,2012,37.1
Haiti,HTI,2012,39.4
South Asia,SAS,2012,41.9
Solomon Islands,SLB,2012,43.1
Fragile and conflict affected situations,FCS,2012,46.9
IDA total,IDA,2012,47.1
Uganda,UGA,2012,49.6
Guinea,GIN,2012,52.1
Sub-Saharan Africa,SSF,2012,53.1
Low income,LIC,2012,55.9
"Congo, Dem. Rep.",COD,2012,73.8
Madagascar,MDG,2012,74.2
Germany,DEU,2013,0.0
Switzerland,CHE,2013,0.0
United Arab Emirates,ARE,2013,0.0
Belarus,BLR,2013,0.1
Cyprus,CYP,2013,0.1
Czech Republic,CZE,2013,0.1
Finland,FIN,2013,0.1
France,FRA,2013,0.1
Iceland,ISL,2013,0.1
Luxembourg,LUX,2013,0.1
Malta,MLT,2013,0.1
Netherlands,NLD,2013,0.1
Slovenia,SVN,2013,0.1
Belgium,BEL,2013,0.2
Norway,NOR,2013,0.2
United Kingdom,GBR,2013,0.2
Denmark,DNK,2013,0.3
Austria,AUT,2013,0.4
Canada,CAN,2013,0.4
Ukraine,UKR,2013,0.4
Japan,JPN,2013,0.7
Kazakhstan,KAZ,2013,0.7
Sweden,SWE,2013,0.7
High income,HIC,2013,0.8
Ireland,IRL,2013,0.8
Malaysia,MYS,2013,0.8
Russian Federation,RUS,2013,0.8
Hungary,HUN,2013,0.9
Poland,POL,2013,0.9
Slovak Republic,SVK,2013,1.0
United States,USA,2013,1.1
Uruguay,URY,2013,1.2
Estonia,EST,2013,1.5
Portugal,PRT,2013,1.6
Spain,ESP,2013,1.6
Chile,CHL,2013,1.7
Italy,ITA,2013,1.8
Lithuania,LTU,2013,1.8
Thailand,THA,2013,2.2
Croatia,HRV,2013,2.3
Latvia,LVA,2013,2.4
Greece,GRC,2013,2.5
"Iran, Islamic Rep.",IRN,2013,2.5
Seychelles,SYC,2013,2.6
Turkey,TUR,2013,3.0
Argentina,ARG,2013,3.4
Moldova,MDA,2013,3.9
Costa Rica,CRI,2013,4.3
Bulgaria,BGR,2013,4.6
Europe & Central Asia,ECS,2013,5.0
Kosovo,XKX,2013,6.1
Paraguay,PRY,2013,6.2
Panama,PAN,2013,7.0
Brazil,BRA,2013,7.2
Montenegro,MNE,2013,7.4
Morocco,MAR,2013,8.4
Ecuador,ECU,2013,9.5
Fiji,FJI,2013,9.5
Latin America & Caribbean,LCN,2013,9.8
Samoa,WSM,2013,9.8
Dominican Republic,DOM,2013,9.9
Upper middle income,UMC,2013,9.9
Peru,PER,2013,10.1
Serbia,SRB,2013,10.6
Bolivia,BOL,2013,11.3
North Macedonia,MKD,2013,11.3
China,CHN,2013,11.7
Romania,ROU,2013,11.7
El Salvador,SLV,2013,12.2
Colombia,COL,2013,12.8
Middle East & North Africa,MEA,2013,13.0
Armenia,ARM,2013,13.5
East Asia & Pacific,EAS,2013,14.9
Georgia,GEO,2013,18.6
Kyrgyz Republic,KGZ,2013,21.1
World,WLD,2013,22.7
Honduras,HND,2013,26.0
Low & middle income,LMY,2013,27.1
Indonesia,IDN,2013,28.9
"Micronesia, Fed. Sts.",FSM,2013,31.6
Pakistan,PAK,2013,32.1
Djibouti,DJI,2013,36.0
Lower middle income,LMC,2013,36.0
South Asia,SAS,2013,40.4
Fragile and conflict affected situations,FCS,2013,46.7
IDA total,IDA,2013,46.8
Sub-Saharan Africa,SSF,2013,52.8
Low income,LIC,2013,55.7
Rwanda,RWA,2013,61.5
Burundi,BDI,2013,69.8
Iceland,ISL,2014,0.0
Malta,MLT,2014,0.0
Slovenia,SVN,2014,0.0
Belarus,BLR,2014,0.1
Belgium,BEL,2014,0.1
Cyprus,CYP,2014,0.1
Czech Republic,CZE,2014,0.1
Finland,FIN,2014,0.1
France,FRA,2014,0.1
Germany,DEU,2014,0.1
Norway,NOR,2014,0.1
Switzerland,CHE,2014,0.1
Denmark,DNK,2014,0.2
Luxembourg,LUX,2014,0.2
Netherlands,NLD,2014,0.2
Austria,AUT,2014,0.3
United Kingdom,GBR,2014,0.3
Canada,CAN,2014,0.4
"Korea, Rep.",KOR,2014,0.4
Ukraine,UKR,2014,0.4
Ireland,IRL,2014,0.5
Australia,AUS,2014,0.6
Sweden,SWE,2014,0.6
Kazakhstan,KAZ,2014,0.7
Russian Federation,RUS,2014,0.7
High income,HIC,2014,0.8
Poland,POL,2014,0.9
Israel,ISR,2014,1.0
Uruguay,URY,2014,1.0
Hungary,HUN,2014,1.2
Estonia,EST,2014,1.3
Portugal,PRT,2014,1.3
Slovak Republic,SVK,2014,1.4
Spain,ESP,2014,1.4
United States,USA,2014,1.4
Italy,ITA,2014,1.6
Latvia,LVA,2014,1.9
Croatia,HRV,2014,2.0
Thailand,THA,2014,2.0
Lithuania,LTU,2014,2.2
Turkey,TUR,2014,2.7
Greece,GRC,2014,2.9
Moldova,MDA,2014,3.4
Bulgaria,BGR,2014,3.6
"Iran, Islamic Rep.",IRN,2014,3.6
Argentina,ARG,2014,3.7
Costa Rica,CRI,2014,4.0
Mongolia,MNG,2014,4.3
Europe & Central Asia,ECS,2014,5.1
Brazil,BRA,2014,6.4
Paraguay,PRY,2014,6.6
Panama,PAN,2014,7.1
Kosovo,XKX,2014,7.2
Montenegro,MNE,2014,7.3
Dominican Republic,DOM,2014,8.2
Ecuador,ECU,2014,8.2
Upper middle income,UMC,2014,8.7
Latin America & Caribbean,LCN,2014,9.4
Peru,PER,2014,9.5
China,CHN,2014,9.7
North Macedonia,MKD,2014,9.7
Bolivia,BOL,2014,10.5
Romania,ROU,2014,11.1
Vietnam,VNM,2014,11.1
Mexico,MEX,2014,11.4
Serbia,SRB,2014,11.5
Albania,ALB,2014,11.7
Colombia,COL,2014,11.8
El Salvador,SLV,2014,11.9
Nicaragua,NIC,2014,12.3
East Asia & Pacific,EAS,2014,13.1
Armenia,ARM,2014,13.2
Middle East & North Africa,MEA,2014,13.3
Georgia,GEO,2014,16.3
Kyrgyz Republic,KGZ,2014,17.7
Guatemala,GTM,2014,20.5
Mauritania,MRT,2014,21.6
World,WLD,2014,21.8
Honduras,HND,2014,25.1
Low & middle income,LMY,2014,26.0
Indonesia,IDN,2014,27.1
South Africa,ZAF,2014,29.0
Comoros,COM,2014,32.2
Sudan,SDN,2014,34.3
Lower middle income,LMC,2014,34.6
Cameroon,CMR,2014,36.8
"Yemen, Rep.",YEM,2014,38.6
South Asia,SAS,2014,38.8
IDA total,IDA,2014,45.7
Fragile and conflict affected situations,FCS,2014,46.0
Timor-Leste,TLS,2014,46.6
Sub-Saharan Africa,SSF,2014,52.1
Burkina Faso,BFA,2014,55.0
Low income,LIC,2014,55.6
Liberia,LBR,2014,55.8
Niger,NER,2014,56.2
Mozambique,MOZ,2014,64.4
Czech Republic,CZE,2015,0.0
Iceland,ISL,2015,0.0
Slovenia,SVN,2015,0.0
Switzerland,CHE,2015,0.0
Belarus,BLR,2015,0.1
Belgium,BEL,2015,0.1
Cyprus,CYP,2015,0.1
Finland,FIN,2015,0.1
Germany,DEU,2015,0.1
Malta,MLT,2015,0.1
Netherlands,NLD,2015,0.1
Denmark,DNK,2015,0.2
France,FRA,2015,0.2
Norway,NOR,2015,0.2
Luxembourg,LUX,2015,0.3
United Kingdom,GBR,2015,0.3
Canada,CAN,2015,0.4
Ireland,IRL,2015,0.4
Malaysia,MYS,2015,0.6
Sweden,SWE,2015,0.6
Austria,AUT,2015,0.7
Estonia,EST,2015,0.8
High income,HIC,2015,0.8
Poland,POL,2015,0.8
Russian Federation,RUS,2015,0.8
Kazakhstan,KAZ,2015,0.9
Uruguay,URY,2015,0.9
Slovak Republic,SVK,2015,1.0
Hungary,HUN,2015,1.1
Portugal,PRT,2015,1.1
Ukraine,UKR,2015,1.1
Thailand,THA,2015,1.2
Chile,CHL,2015,1.3
United States,USA,2015,1.3
Croatia,HRV,2015,1.5
Latvia,LVA,2015,1.5
Lithuania,LTU,2015,1.5
Spain,ESP,2015,1.5
Italy,ITA,2015,2.3
Greece,GRC,2015,2.8
Moldova,MDA,2015,2.9
Turkey,TUR,2015,2.9
"Iran, Islamic Rep.",IRN,2015,3.6
Costa Rica,CRI,2015,4.0
Tunisia,TUN,2015,4.2
Europe & Central Asia,ECS,2015,4.9
Bulgaria,BGR,2015,5.3
Kosovo,XKX,2015,5.7
Panama,PAN,2015,5.9
Paraguay,PRY,2015,6.4
Montenegro,MNE,2015,6.8
Brazil,BRA,2015,6.9
Dominican Republic,DOM,2015,6.9
Upper middle income,UMC,2015,7.6
China,CHN,2015,7.8
Tonga,TON,2015,8.0
Ecuador,ECU,2015,8.9
Latin America & Caribbean,LCN,2015,9.0
Peru,PER,2015,9.2
North Macedonia,MKD,2015,9.4
Romania,ROU,2015,9.6
Albania,ALB,2015,9.7
El Salvador,SLV,2015,10.3
Bolivia,BOL,2015,10.7
Serbia,SRB,2015,10.8
Colombia,COL,2015,11.1
East Asia & Pacific,EAS,2015,11.3
Armenia,ARM,2015,11.6
Cabo Verde,CPV,2015,14.5
Middle East & North Africa,MEA,2015,14.6
Georgia,GEO,2015,15.3
Tajikistan,TJK,2015,17.1
Kyrgyz Republic,KGZ,2015,19.8
"Egypt, Arab Rep.",EGY,2015,19.9
World,WLD,2015,21.0
Philippines,PHL,2015,21.3
Myanmar,MMR,2015,22.5
Namibia,NAM,2015,24.3
Honduras,HND,2015,25.0
Indonesia,IDN,2015,25.0
Low & middle income,LMY,2015,25.0
Botswana,BWA,2015,28.1
Pakistan,PAK,2015,29.1
"Gambia, The",GMB,2015,30.5
Cote d'Ivoire,CIV,2015,44.8
IDA total,IDA,2015,45.6
Fragile and conflict affected situations,FCS,2015,47.5
Kenya,KEN,2015,49.4
Ethiopia,ETH,2015,49.6
Sub-Saharan Africa,SSF,2015,51.9
Low income,LIC,2015,56.2
Togo,TGO,2015,57.1
Benin,BEN,2015,59.3
Zambia,ZMB,2015,61.1
Iceland,ISL,2016,0.0
Slovenia,SVN,2016,0.0
Switzerland,CHE,2016,0.0
Belarus,BLR,2016,0.1
Belgium,BEL,2016,0.1
Cyprus,CYP,2016,0.1
Czech Republic,CZE,2016,0.1
Finland,FIN,2016,0.1
France,FRA,2016,0.1
Luxembourg,LUX,2016,0.1
Malta,MLT,2016,0.1
Netherlands,NLD,2016,0.1
Germany,DEU,2016,0.2
Denmark,DNK,2016,0.3
Ireland,IRL,2016,0.3
"Korea, Rep.",KOR,2016,0.3
Norway,NOR,2016,0.3
United Kingdom,GBR,2016,0.3
Canada,CAN,2016,0.4
Sweden,SWE,2016,0.4
Maldives,MDV,2016,0.6
Poland,POL,2016,0.6
Estonia,EST,2016,0.7
Austria,AUT,2016,0.8
High income,HIC,2016,0.8
Israel,ISR,2016,0.8
Portugal,PRT,2016,0.8
Russian Federation,RUS,2016,0.8
Uruguay,URY,2016,0.9
Ukraine,UKR,2016,1.0
United States,USA,2016,1.2
Latvia,LVA,2016,1.3
Croatia,HRV,2016,1.4
Thailand,THA,2016,1.4
Hungary,HUN,2016,1.5
Kazakhstan,KAZ,2016,1.6
Spain,ESP,2016,1.6
Slovak Republic,SVK,2016,1.8
Lithuania,LTU,2016,1.9
Italy,ITA,2016,2.0
Greece,GRC,2016,2.1
Turkey,TUR,2016,2.3
Moldova,MDA,2016,2.9
Argentina,ARG,2016,3.7
Costa Rica,CRI,2016,3.7
"Iran, Islamic Rep.",IRN,2016,3.7
Bulgaria,BGR,2016,3.9
Europe & Central Asia,ECS,2016,4.5
Kosovo,XKX,2016,5.6
West Bank and Gaza,PSE,2016,5.6
Panama,PAN,2016,5.8
Montenegro,MNE,2016,5.9
Dominican Republic,DOM,2016,6.3
Paraguay,PRY,2016,6.3
China,CHN,2016,6.5
Upper middle income,UMC,2016,6.7
Romania,ROU,2016,7.0
Mongolia,MNG,2016,7.8
Brazil,BRA,2016,7.9
Mexico,MEX,2016,8.1
Vietnam,VNM,2016,8.4
Ecuador,ECU,2016,8.7
North Macedonia,MKD,2016,8.7
Latin America & Caribbean,LCN,2016,8.9
Peru,PER,2016,9.1
St. Lucia,LCA,2016,9.2
Albania,ALB,2016,10.0
East Asia & Pacific,EAS,2016,10.0
Serbia,SRB,2016,10.2
El Salvador,SLV,2016,10.4
Colombia,COL,2016,10.9
Armenia,ARM,2016,11.3
Bolivia,BOL,2016,11.7
Sri Lanka,LKA,2016,12.3
Georgia,GEO,2016,14.9
Middle East & North Africa,MEA,2016,15.2
Kyrgyz Republic,KGZ,2016,17.6
World,WLD,2016,20.3
Indonesia,IDN,2016,23.0
Low & middle income,LMY,2016,24.1
Ghana,GHA,2016,24.4
Honduras,HND,2016,24.6
Lower middle income,LMC,2016,32.0
Bangladesh,BGD,2016,38.8
Eswatini,SWZ,2016,39.9
IDA total,IDA,2016,45.3
Fragile and conflict affected situations,FCS,2016,47.5
Sub-Saharan Africa,SSF,2016,51.8
Uganda,UGA,2016,51.8
Liberia,LBR,2016,55.9
Low income,LIC,2016,56.3
Rwanda,RWA,2016,60.4
Malawi,MWI,2016,68.4
South Sudan,SSD,2016,74.2
Cyprus,CYP,2017,0.0
France,FRA,2017,0.0
Iceland,ISL,2017,0.0
Slovenia,SVN,2017,0.0
Switzerland,CHE,2017,0.0
Belarus,BLR,2017,0.1
Czech Republic,CZE,2017,0.1
Finland,FIN,2017,0.1
Belgium,BEL,2017,0.2
Denmark,DNK,2017,0.2
Malta,MLT,2017,0.2
Netherlands,NLD,2017,0.2
Ireland,IRL,2017,0.3
Luxembourg,LUX,2017,0.3
Norway,NOR,2017,0.3
Sweden,SWE,2017,0.3
Austria,AUT,2017,0.4
Canada,CAN,2017,0.4
United Kingdom,GBR,2017,0.4
Estonia,EST,2017,0.5
Poland,POL,2017,0.5
Portugal,PRT,2017,0.7
Ukraine,UKR,2017,0.7
Uruguay,URY,2017,0.7
High income,HIC,2017,0.8
Russian Federation,RUS,2017,0.8
Chile,CHL,2017,0.9
Kazakhstan,KAZ,2017,1.0
Spain,ESP,2017,1.1
Croatia,HRV,2017,1.2
Hungary,HUN,2017,1.2
Latvia,LVA,2017,1.3
Thailand,THA,2017,1.3
United States,USA,2017,1.3
Greece,GRC,2017,1.6
Lithuania,LTU,2017,1.7
Italy,ITA,2017,1.8
Turkey,TUR,2017,2.1
Mauritius,MUS,2017,2.9
Moldova,MDA,2017,2.9
Bulgaria,BGR,2017,3.0
Costa Rica,CRI,2017,3.1
Argentina,ARG,2017,3.2
"Iran, Islamic Rep.",IRN,2017,3.5
Dominican Republic,DOM,2017,4.4
Europe & Central Asia,ECS,2017,4.4
Paraguay,PRY,2017,5.1
Panama,PAN,2017,5.5
Kosovo,XKX,2017,5.6
Romania,ROU,2017,5.6
Upper middle income,UMC,2017,5.9
North Macedonia,MKD,2017,8.0
Brazil,BRA,2017,8.2
Ecuador,ECU,2017,8.2
East Asia & Pacific,EAS,2017,8.6
Latin America & Caribbean,LCN,2017,8.6
Serbia,SRB,2017,8.6
El Salvador,SLV,2017,9.0
Peru,PER,2017,9.0
Albania,ALB,2017,9.8
Colombia,COL,2017,10.4
Gabon,GAB,2017,10.8
Armenia,ARM,2017,11.0
Bolivia,BOL,2017,11.0
Bhutan,BTN,2017,12.3
Georgia,GEO,2017,15.3
Myanmar,MMR,2017,16.2
Middle East & North Africa,MEA,2017,16.4
Kyrgyz Republic,KGZ,2017,17.6
World,WLD,2017,19.5
Indonesia,IDN,2017,21.0
Low & middle income,LMY,2017,23.2
Honduras,HND,2017,24.2
"Egypt, Arab Rep.",EGY,2017,26.2
Lower middle income,LMC,2017,30.8
Djibouti,DJI,2017,32.2
Lesotho,LSO,2017,38.6
IDA total,IDA,2017,44.6
Zimbabwe,ZWE,2017,45.2
Fragile and conflict affected situations,FCS,2017,47.4
Sao Tome and Principe,STP,2017,49.3
Sub-Saharan Africa,SSF,2017,51.4
Low income,LIC,2017,56.1
Tanzania,TZA,2017,57.0
Somalia,SOM,2017,68.8
Slovenia,SVN,2018,0.0
Switzerland,CHE,2018,0.0
United Arab Emirates,ARE,2018,0.0
Belarus,BLR,2018,0.1
Belgium,BEL,2018,0.1
Cyprus,CYP,2018,0.1
Czech Republic,CZE,2018,0.1
Finland,FIN,2018,0.1
France,FRA,2018,0.1
Denmark,DNK,2018,0.2
Malta,MLT,2018,0.2
Netherlands,NLD,2018,0.2
Luxembourg,LUX,2018,0.3
Norway,NOR,2018,0.3
Estonia,EST,2018,0.4
Poland,POL,2018,0.4
Austria,AUT,2018,0.6
Greece,GRC,2018,0.6
Hungary,HUN,2018,0.6
Portugal,PRT,2018,0.6
Ukraine,UKR,2018,0.6
Uruguay,URY,2018,0.6
High income,HIC,2018,0.7
Kazakhstan,KAZ,2018,0.7
Russian Federation,RUS,2018,0.7
Sweden,SWE,2018,0.8
Croatia,HRV,2018,0.9
Latvia,LVA,2018,0.9
Slovak Republic,SVK,2018,0.9
Lithuania,LTU,2018,1.2
Spain,ESP,2018,1.2
United States,USA,2018,1.2
Seychelles,SYC,2018,1.5
Thailand,THA,2018,1.5
Turkey,TUR,2018,1.9
Moldova,MDA,2018,2.2
Bulgaria,BGR,2018,2.3
Dominican Republic,DOM,2018,3.6
Costa Rica,CRI,2018,3.8
"Iran, Islamic Rep.",IRN,2018,3.8
Europe & Central Asia,ECS,2018,3.9
Argentina,ARG,2018,4.1
Romania,ROU,2018,4.5
Panama,PAN,2018,4.7
Paraguay,PRY,2018,5.1
Upper middle income,UMC,2018,5.2
North Macedonia,MKD,2018,6.7
Mongolia,MNG,2018,6.8
Mexico,MEX,2018,6.9
Vietnam,VNM,2018,6.9
East Asia & Pacific,EAS,2018,7.5
Peru,PER,2018,7.9
Brazil,BRA,2018,8.1
El Salvador,SLV,2018,8.1
Latin America & Caribbean,LCN,2018,8.4
Ecuador,ECU,2018,8.7
Bolivia,BOL,2018,9.6
Colombia,COL,2018,10.5
Armenia,ARM,2018,11.5
Georgia,GEO,2018,14.8
Kyrgyz Republic,KGZ,2018,15.2
Philippines,PHL,2018,16.0
Middle East & North Africa,MEA,2018,17.5
Indonesia,IDN,2018,19.2
Honduras,HND,2018,24.2
Lower middle income,LMC,2018,27.4
Pakistan,PAK,2018,29.4
Lao PDR,LAO,2018,29.9
IDA total,IDA,2018,43.8
Sub-Saharan Africa,SSF,2018,51.0
Nigeria,NGA,2018,52.8
Sierra Leone,SLE,2018,54.8
Angola,AGO,2018,56.6
Belarus,BLR,2019,0.0
Ukraine,UKR,2019,0.4
High income,HIC,2019,0.7
Uruguay,URY,2019,0.7
Thailand,THA,2019,1.0
Turkey,TUR,2019,2.7
Dominican Republic,DOM,2019,3.2
Costa Rica,CRI,2019,3.3
Europe & Central Asia,ECS,2019,3.9
Panama,PAN,2019,4.3
Paraguay,PRY,2019,4.7
Argentina,ARG,2019,4.8
Upper middle income,UMC,2019,4.9
El Salvador,SLV,2019,6.5
East Asia & Pacific,EAS,2019,6.7
Peru,PER,2019,7.1
Bolivia,BOL,2019,7.3
Brazil,BRA,2019,8.1
Latin America & Caribbean,LCN,2019,8.5
Ecuador,ECU,2019,9.2
Colombia,COL,2019,11.4
Armenia,ARM,2019,12.3
Kyrgyz Republic,KGZ,2019,14.0
Georgia,GEO,2019,14.2
Indonesia,IDN,2019,18.2
Honduras,HND,2019,23.6
IDA total,IDA,2019,43.4
Zimbabwe,ZWE,2019,48.4
