Country Name,Country Code,Year,average_value_Gini index (World Bank estimate)
Sweden,SWE,1967,34.0
United Kingdom,GBR,1969,33.7
Canada,CAN,1971,37.3
United Kingdom,GBR,1974,30.0
United States,USA,1974,35.3
Sweden,SWE,1975,24.3
Canada,CAN,1975,33.3
France,FRA,1978,35.2
Norway,NOR,1979,26.9
United Kingdom,GBR,1979,28.4
United States,USA,1979,34.5
Israel,ISR,1979,36.3
Panama,PAN,1979,48.7
Spain,ESP,1980,34.5
Argentina,ARG,1980,40.8
Madagascar,MDG,1980,46.8
Sweden,SWE,1981,22.9
Australia,AUS,1981,31.3
Canada,CAN,1981,32.4
Thailand,THA,1981,45.2
Costa Rica,CRI,1981,47.5
"Venezuela, RB",VEN,1981,55.6
Brazil,BRA,1981,57.9
Switzerland,CHE,1982,36.0
Brazil,BRA,1982,58.4
Bangladesh,BGD,1983,25.9
Netherlands,NLD,1983,28.4
India,IND,1983,32.1
Brazil,BRA,1983,59.0
Indonesia,IDN,1984,32.4
France,FRA,1984,36.9
Morocco,MAR,1984,39.2
Mexico,MEX,1984,48.5
Malaysia,MYS,1984,48.6
Brazil,BRA,1984,58.4
Belgium,BEL,1985,25.2
Luxembourg,LUX,1985,26.7
Bangladesh,BGD,1985,26.9
Australia,AUS,1985,32.5
Sri Lanka,LKA,1985,32.5
Spain,ESP,1985,34.4
Nigeria,NGA,1985,38.7
Tunisia,TUN,1985,43.4
Cote d'Ivoire,CIV,1985,45.5
Botswana,BWA,1985,54.2
Brazil,BRA,1985,55.6
Norway,NOR,1986,24.6
United Kingdom,GBR,1986,31.9
Italy,ITA,1986,32.5
Costa Rica,CRI,1986,34.4
Jordan,JOR,1986,36.1
Israel,ISR,1986,36.5
United States,USA,1986,37.4
Cote d'Ivoire,CIV,1986,38.0
Argentina,ARG,1986,42.8
"Iran, Islamic Rep.",IRN,1986,47.4
Dominican Republic,DOM,1986,47.8
Lesotho,LSO,1986,56.0
Guatemala,GTM,1986,58.3
Brazil,BRA,1986,58.5
Finland,FIN,1987,22.2
Austria,AUT,1987,23.0
Sweden,SWE,1987,23.1
Denmark,DNK,1987,26.2
Netherlands,NLD,1987,26.8
Indonesia,IDN,1987,30.6
Canada,CAN,1987,31.5
India,IND,1987,32.6
Pakistan,PAK,1987,33.3
Italy,ITA,1987,34.5
Ghana,GHA,1987,35.3
Ireland,IRL,1987,35.5
Cote d'Ivoire,CIV,1987,40.5
Turkey,TUR,1987,43.5
Mauritania,MRT,1987,43.9
Argentina,ARG,1987,45.3
Malaysia,MYS,1987,47.0
"Venezuela, RB",VEN,1987,53.4
Chile,CHL,1987,56.2
Brazil,BRA,1987,59.7
Belgium,BEL,1988,25.7
Bangladesh,BGD,1988,28.8
Ghana,GHA,1988,36.0
Cote d'Ivoire,CIV,1988,36.9
Algeria,DZA,1988,40.2
Trinidad and Tobago,TTO,1988,42.6
Jamaica,JAM,1988,43.2
Thailand,THA,1988,43.8
Brazil,BRA,1988,61.4
France,FRA,1989,32.2
Italy,ITA,1989,32.6
Australia,AUS,1989,33.2
"Venezuela, RB",VEN,1989,43.8
Uganda,UGA,1989,44.4
Malaysia,MYS,1989,46.2
Costa Rica,CRI,1989,46.7
Dominican Republic,DOM,1989,50.5
Mexico,MEX,1989,50.6
Panama,PAN,1989,58.9
Honduras,HND,1989,59.5
Guatemala,GTM,1989,59.6
Brazil,BRA,1989,63.3
Netherlands,NLD,1990,31.1
Indonesia,IDN,1990,31.2
"Egypt, Arab Rep.",EGY,1990,32.0
Spain,ESP,1990,32.0
China,CHN,1990,32.2
Sri Lanka,LKA,1990,32.4
Pakistan,PAK,1990,33.2
Morocco,MAR,1990,39.2
Tunisia,TUN,1990,40.2
Paraguay,PRY,1990,40.8
Jamaica,JAM,1990,41.1
"Iran, Islamic Rep.",IRN,1990,43.6
Costa Rica,CRI,1990,45.3
Thailand,THA,1990,45.3
Chile,CHL,1990,57.2
Honduras,HND,1990,57.4
Brazil,BRA,1990,60.5
Finland,FIN,1991,22.9
Norway,NOR,1991,25.2
Luxembourg,LUX,1991,26.8
Bangladesh,BGD,1991,27.6
Germany,DEU,1991,29.2
Canada,CAN,1991,31.0
Italy,ITA,1991,31.5
Tanzania,TZA,1991,35.3
United Kingdom,GBR,1991,35.9
United States,USA,1991,38.0
Ghana,GHA,1991,38.4
Costa Rica,CRI,1991,46.6
Argentina,ARG,1991,46.8
Guinea,GIN,1991,46.8
Honduras,HND,1991,51.9
El Salvador,SLV,1991,54.0
Senegal,SEN,1991,54.1
Panama,PAN,1991,58.2
Zambia,ZMB,1991,60.5
Czech Republic,CZE,1992,20.7
Denmark,DNK,1992,24.7
Sweden,SWE,1992,24.9
Belgium,BEL,1992,25.0
Ukraine,UKR,1992,29.7
Burundi,BDI,1992,33.3
Switzerland,CHE,1992,33.9
Lao PDR,LAO,1992,34.3
Israel,ISR,1992,35.5
Vietnam,VNM,1992,35.7
Niger,NER,1992,36.1
United States,USA,1992,38.4
Cote d'Ivoire,CIV,1992,39.4
Trinidad and Tobago,TTO,1992,40.3
Uganda,UGA,1992,41.4
Uruguay,URY,1992,41.5
"Venezuela, RB",VEN,1992,42.1
Jordan,JOR,1992,43.4
Nigeria,NGA,1992,45.0
Argentina,ARG,1992,45.5
Costa Rica,CRI,1992,45.7
Malaysia,MYS,1992,47.7
Thailand,THA,1992,47.9
Bolivia,BOL,1992,49.1
Dominican Republic,DOM,1992,51.4
Colombia,COL,1992,51.5
Honduras,HND,1992,51.8
Mexico,MEX,1992,52.6
Brazil,BRA,1992,53.2
Chile,CHL,1992,54.8
Kenya,KEN,1992,57.5
Central African Republic,CAF,1992,61.3
Czech Republic,CZE,1993,26.6
Ukraine,UKR,1993,28.9
Netherlands,NLD,1993,30.4
India,IND,1993,31.7
Indonesia,IDN,1993,32.0
Italy,ITA,1993,35.5
Jamaica,JAM,1993,35.7
United States,USA,1993,40.4
Guinea-Bissau,GNB,1993,43.6
Argentina,ARG,1993,44.9
Madagascar,MDG,1993,45.3
Costa Rica,CRI,1993,46.0
Russian Federation,RUS,1993,48.4
Mauritania,MRT,1993,50.1
Zambia,ZMB,1993,52.6
Honduras,HND,1993,53.5
Nicaragua,NIC,1993,57.4
South Africa,ZAF,1993,59.3
Brazil,BRA,1993,60.1
Belize,BLZ,1993,60.3
Botswana,BWA,1993,60.8
Luxembourg,LUX,1994,26.9
Germany,DEU,1994,29.2
Austria,AUT,1994,31.3
Canada,CAN,1994,31.3
France,FRA,1994,32.3
United Kingdom,GBR,1994,36.1
Ireland,IRL,1994,36.9
United States,USA,1994,40.0
Turkey,TUR,1994,41.3
Senegal,SEN,1994,41.4
Niger,NER,1994,41.5
"Iran, Islamic Rep.",IRN,1994,43.0
Kenya,KEN,1994,43.1
Thailand,THA,1994,43.5
Argentina,ARG,1994,45.9
Guinea,GIN,1994,46.1
Costa Rica,CRI,1994,46.8
Burkina Faso,BFA,1994,48.1
Mali,MLI,1994,50.4
Mexico,MEX,1994,52.8
Ecuador,ECU,1994,53.4
Honduras,HND,1994,55.0
Chile,CHL,1994,56.4
Eswatini,SWZ,1994,60.5
Belize,BLZ,1994,60.9
Lesotho,LSO,1994,63.2
Denmark,DNK,1995,23.0
Finland,FIN,1995,23.5
Sweden,SWE,1995,25.2
Norway,NOR,1995,26.0
Belgium,BEL,1995,28.4
Germany,DEU,1995,28.9
"Egypt, Arab Rep.",EGY,1995,30.1
Austria,AUT,1995,31.1
Australia,AUS,1995,32.6
Bangladesh,BGD,1995,32.9
Mongolia,MNG,1995,33.2
Azerbaijan,AZE,1995,34.7
Italy,ITA,1995,35.2
Nepal,NPL,1995,35.2
Algeria,DZA,1995,35.3
Sri Lanka,LKA,1995,35.4
United Kingdom,GBR,1995,36.3
Spain,ESP,1995,36.7
Greece,GRC,1995,37.0
Ireland,IRL,1995,37.0
Mauritania,MRT,1995,37.7
Ukraine,UKR,1995,39.3
United States,USA,1995,39.9
Cote d'Ivoire,CIV,1995,40.6
Uruguay,URY,1995,40.9
Tunisia,TUN,1995,41.7
St. Lucia,LCA,1995,42.6
Ethiopia,ETH,1995,44.6
Costa Rica,CRI,1995,45.7
"Venezuela, RB",VEN,1995,47.2
Malaysia,MYS,1995,48.5
Argentina,ARG,1995,48.9
El Salvador,SLV,1995,49.9
Honduras,HND,1995,55.5
Panama,PAN,1995,57.8
Paraguay,PRY,1995,58.2
Brazil,BRA,1995,59.6
Czech Republic,CZE,1996,25.8
Albania,ALB,1996,27.0
Pakistan,PAK,1996,28.7
Indonesia,IDN,1996,34.5
China,CHN,1996,35.2
Syrian Arab Republic,SYR,1996,35.2
Ukraine,UKR,1996,35.2
Kazakhstan,KAZ,1996,35.4
Ireland,IRL,1996,35.6
Georgia,GEO,1996,37.1
Uganda,UGA,1996,39.0
United States,USA,1996,40.3
Jamaica,JAM,1996,40.4
Uruguay,URY,1996,40.8
Thailand,THA,1996,42.9
Cameroon,CMR,1996,44.4
Papua New Guinea,PNG,1996,45.8
Russian Federation,RUS,1996,46.1
Costa Rica,CRI,1996,46.5
Dominican Republic,DOM,1996,47.4
Zambia,ZMB,1996,48.3
Argentina,ARG,1996,49.5
El Salvador,SLV,1996,51.0
Nigeria,NGA,1996,51.9
Mexico,MEX,1996,53.6
Mozambique,MOZ,1996,53.6
Chile,CHL,1996,54.9
Honduras,HND,1996,55.7
Belize,BLZ,1996,56.6
Colombia,COL,1996,56.9
Brazil,BRA,1996,59.9
South Africa,ZAF,1996,60.7
Belgium,BEL,1997,26.8
Austria,AUT,1997,30.2
Luxembourg,LUX,1997,30.2
Canada,CAN,1997,31.6
Lao PDR,LAO,1997,34.9
Vietnam,VNM,1997,35.4
Jordan,JOR,1997,36.4
Moldova,MDA,1997,36.9
Israel,ISR,1997,38.1
Russian Federation,RUS,1997,38.4
Madagascar,MDG,1997,39.5
United States,USA,1997,40.5
Georgia,GEO,1997,40.7
Uruguay,URY,1997,41.5
Kenya,KEN,1997,45.0
Costa Rica,CRI,1997,45.6
Dominican Republic,DOM,1997,48.9
Argentina,ARG,1997,49.1
Malaysia,MYS,1997,49.1
Honduras,HND,1997,52.7
Peru,PER,1997,53.3
Paraguay,PRY,1997,54.9
Bolivia,BOL,1997,58.2
Panama,PAN,1997,58.2
Brazil,BRA,1997,59.8
Belize,BLZ,1997,60.4
Malawi,MWI,1997,65.8
Germany,DEU,1998,28.3
Mongolia,MNG,1998,30.3
Indonesia,IDN,1998,31.1
Belarus,BLR,1998,32.0
Pakistan,PAK,1998,33.1
Canada,CAN,1998,33.2
"Yemen, Rep.",YEM,1998,35.0
Italy,ITA,1998,36.7
Russian Federation,RUS,1998,38.1
Cote d'Ivoire,CIV,1998,39.0
Morocco,MAR,1998,39.4
Moldova,MDA,1998,39.5
United States,USA,1998,40.0
Ghana,GHA,1998,40.1
Turkmenistan,TKM,1998,40.8
Georgia,GEO,1998,41.3
Thailand,THA,1998,41.5
Burundi,BDI,1998,42.3
Uruguay,URY,1998,42.5
"Iran, Islamic Rep.",IRN,1998,44.1
Uzbekistan,UZB,1998,44.7
Guyana,GUY,1998,45.1
Costa Rica,CRI,1998,45.7
"Venezuela, RB",VEN,1998,48.1
"Gambia, The",GMB,1998,48.5
Zambia,ZMB,1998,49.1
Burkina Faso,BFA,1998,49.9
Argentina,ARG,1998,50.7
Mexico,MEX,1998,51.7
Nicaragua,NIC,1998,54.4
El Salvador,SLV,1998,54.5
Belize,BLZ,1998,54.9
Peru,PER,1998,55.1
Chile,CHL,1998,55.5
Honduras,HND,1998,57.4
Panama,PAN,1998,57.5
Brazil,BRA,1998,59.6
Netherlands,NLD,1999,28.1
Tajikistan,TJK,1999,29.5
Ethiopia,ETH,1999,30.0
Indonesia,IDN,1999,31.1
Belarus,BLR,1999,31.7
"Egypt, Arab Rep.",EGY,1999,32.8
Armenia,ARM,1999,36.2
United Kingdom,GBR,1999,37.0
Russian Federation,RUS,1999,37.4
Madagascar,MDG,1999,38.6
China,CHN,1999,38.7
United States,USA,1999,40.0
Georgia,GEO,1999,40.1
Moldova,MDA,1999,42.6
Uganda,UGA,1999,43.0
Thailand,THA,1999,43.1
Jamaica,JAM,1999,44.1
Costa Rica,CRI,1999,47.7
"Venezuela, RB",VEN,1999,47.8
Argentina,ARG,1999,49.8
El Salvador,SLV,1999,52.2
Belize,BLZ,1999,53.3
Paraguay,PRY,1999,54.6
Peru,PER,1999,54.8
Honduras,HND,1999,55.4
Panama,PAN,1999,56.5
Suriname,SUR,1999,57.9
Bolivia,BOL,1999,58.1
Ecuador,ECU,1999,58.6
Colombia,COL,1999,58.7
Brazil,BRA,1999,59.0
Denmark,DNK,2000,23.8
Finland,FIN,2000,27.2
Sweden,SWE,2000,27.2
Norway,NOR,2000,27.4
Indonesia,IDN,2000,28.6
Austria,AUT,2000,28.8
Germany,DEU,2000,28.8
Luxembourg,LUX,2000,30.4
Kyrgyz Republic,KGZ,2000,31.0
France,FRA,2000,31.1
Belarus,BLR,2000,31.2
Sao Tome and Principe,STP,2000,32.1
Ireland,IRL,2000,33.0
Belgium,BEL,2000,33.1
Canada,CAN,2000,33.3
Bangladesh,BGD,2000,33.4
Switzerland,CHE,2000,33.4
Greece,GRC,2000,34.2
Spain,ESP,2000,34.3
Italy,ITA,2000,35.3
Uzbekistan,UZB,2000,36.1
Moldova,MDA,2000,36.4
Russian Federation,RUS,2000,37.1
Tanzania,TZA,2000,37.3
Tonga,TON,2000,37.7
United Kingdom,GBR,2000,38.4
Mauritania,MRT,2000,39.0
United States,USA,2000,40.1
Georgia,GEO,2000,40.5
Morocco,MAR,2000,40.6
Tunisia,TUN,2000,40.8
Thailand,THA,2000,42.8
Uruguay,URY,2000,42.9
Costa Rica,CRI,2000,47.4
Philippines,PHL,2000,47.7
Rwanda,RWA,2000,48.5
Peru,PER,2000,49.1
Argentina,ARG,2000,51.1
Dominican Republic,DOM,2000,51.5
El Salvador,SLV,2000,51.5
Angola,AGO,2000,52.0
Mexico,MEX,2000,52.6
Chile,CHL,2000,52.8
Eswatini,SWZ,2000,53.1
Guatemala,GTM,2000,54.2
Ecuador,ECU,2000,56.4
Panama,PAN,2000,56.6
South Africa,ZAF,2000,57.8
Colombia,COL,2000,58.7
Bolivia,BOL,2000,61.6
Indonesia,IDN,2001,29.0
Bosnia and Herzegovina,BIH,2001,30.0
Kyrgyz Republic,KGZ,2001,30.2
Germany,DEU,2001,30.3
Pakistan,PAK,2001,30.4
Belarus,BLR,2001,30.6
Australia,AUS,2001,33.5
Armenia,ARM,2001,35.4
Timor-Leste,TLS,2001,35.9
Kazakhstan,KAZ,2001,36.0
Azerbaijan,AZE,2001,36.5
Russian Federation,RUS,2001,36.9
United Kingdom,GBR,2001,37.3
Moldova,MDA,2001,38.0
Israel,ISR,2001,38.9
Georgia,GEO,2001,39.6
Mali,MLI,2001,39.9
United States,USA,2001,40.6
Senegal,SEN,2001,41.2
Cameroon,CMR,2001,42.1
Uruguay,URY,2001,45.0
"Venezuela, RB",VEN,2001,47.2
Madagascar,MDG,2001,47.4
Dominican Republic,DOM,2001,50.0
Peru,PER,2001,51.3
El Salvador,SLV,2001,51.4
Costa Rica,CRI,2001,51.5
Cabo Verde,CPV,2001,52.5
Nicaragua,NIC,2001,52.9
Argentina,ARG,2001,53.3
Paraguay,PRY,2001,54.6
Honduras,HND,2001,55.4
Panama,PAN,2001,56.7
Bolivia,BOL,2001,57.4
Colombia,COL,2001,57.5
Brazil,BRA,2001,58.4
Azerbaijan,AZE,2002,25.3
Czech Republic,CZE,2002,26.6
Ukraine,UKR,2002,29.0
Germany,DEU,2002,29.9
Belarus,BLR,2002,30.3
Kyrgyz Republic,KGZ,2002,30.3
Albania,ALB,2002,31.7
Indonesia,IDN,2002,31.7
Switzerland,CHE,2002,31.7
Ireland,IRL,2002,32.3
Lao PDR,LAO,2002,32.6
Mongolia,MNG,2002,32.9
Uzbekistan,UZB,2002,33.0
Armenia,ARM,2002,34.8
Kazakhstan,KAZ,2002,34.8
United Kingdom,GBR,2002,35.1
Guinea-Bissau,GNB,2002,35.6
Moldova,MDA,2002,35.8
Jordan,JOR,2002,37.0
Vietnam,VNM,2002,37.0
Georgia,GEO,2002,37.2
Russian Federation,RUS,2002,37.3
Fiji,FJI,2002,38.1
Djibouti,DJI,2002,40.0
Sri Lanka,LKA,2002,40.2
United States,USA,2002,40.4
Samoa,WSM,2002,40.7
Cote d'Ivoire,CIV,2002,41.3
Maldives,MDV,2002,41.3
Turkey,TUR,2002,41.4
Thailand,THA,2002,41.9
China,CHN,2002,42.0
Zambia,ZMB,2002,42.1
Guinea,GIN,2002,43.0
Uganda,UGA,2002,45.2
Uruguay,URY,2002,45.5
Mozambique,MOZ,2002,47.0
Jamaica,JAM,2002,48.3
"Venezuela, RB",VEN,2002,49.0
Dominican Republic,DOM,2002,49.7
Mexico,MEX,2002,50.1
Lesotho,LSO,2002,51.6
Costa Rica,CRI,2002,51.8
El Salvador,SLV,2002,51.9
Peru,PER,2002,53.6
Argentina,ARG,2002,53.8
Honduras,HND,2002,55.7
Colombia,COL,2002,56.0
Panama,PAN,2002,56.1
Paraguay,PRY,2002,57.3
Brazil,BRA,2002,58.1
Bolivia,BOL,2002,59.3
Botswana,BWA,2002,64.7
Sweden,SWE,2003,25.3
Denmark,DNK,2003,25.6
Azerbaijan,AZE,2003,26.8
Iceland,ISL,2003,26.8
Norway,NOR,2003,27.6
Finland,FIN,2003,27.7
Belgium,BEL,2003,28.1
Kyrgyz Republic,KGZ,2003,28.7
Ukraine,UKR,2003,28.7
Belarus,BLR,2003,28.8
Kosovo,XKX,2003,29.0
Austria,AUT,2003,29.5
Germany,DEU,2003,30.0
Luxembourg,LUX,2003,30.2
France,FRA,2003,31.4
Spain,ESP,2003,31.8
Indonesia,IDN,2003,31.9
Tajikistan,TJK,2003,32.7
Greece,GRC,2003,32.8
Ireland,IRL,2003,32.9
Armenia,ARM,2003,33.0
Australia,AUS,2003,33.5
Kazakhstan,KAZ,2003,33.7
Italy,ITA,2003,34.9
Moldova,MDA,2003,34.9
United Kingdom,GBR,2003,35.1
Uzbekistan,UZB,2003,35.3
Georgia,GEO,2003,36.7
Estonia,EST,2003,37.2
Syrian Arab Republic,SYR,2003,37.5
Benin,BEN,2003,38.6
Portugal,PRT,2003,38.8
Chad,TCD,2003,39.8
Russian Federation,RUS,2003,40.0
Nigeria,NGA,2003,40.1
Sierra Leone,SLE,2003,40.2
United States,USA,2003,40.8
Bhutan,BTN,2003,40.9
Turkey,TUR,2003,42.2
Burkina Faso,BFA,2003,43.3
Nepal,NPL,2003,43.8
Uruguay,URY,2003,45.0
Malaysia,MYS,2003,46.4
Philippines,PHL,2003,46.6
"Gambia, The",GMB,2003,47.3
"Venezuela, RB",VEN,2003,48.1
Costa Rica,CRI,2003,49.3
El Salvador,SLV,2003,50.5
Argentina,ARG,2003,50.9
Chile,CHL,2003,51.5
Dominican Republic,DOM,2003,52.1
Peru,PER,2003,53.1
Ecuador,ECU,2003,53.5
Colombia,COL,2003,53.6
Paraguay,PRY,2003,54.9
Panama,PAN,2003,55.7
Brazil,BRA,2003,57.6
Honduras,HND,2003,58.1
Namibia,NAM,2003,63.3
Slovenia,SVN,2004,24.8
Denmark,DNK,2004,24.9
Sweden,SWE,2004,26.1
Belarus,BLR,2004,26.5
Azerbaijan,AZE,2004,26.6
Slovak Republic,SVK,2004,27.1
Czech Republic,CZE,2004,27.5
Finland,FIN,2004,27.9
Iceland,ISL,2004,28.0
Ukraine,UKR,2004,28.9
Austria,AUT,2004,29.8
Ethiopia,ETH,2004,29.8
Netherlands,NLD,2004,29.8
Hungary,HUN,2004,29.9
Cyprus,CYP,2004,30.1
Luxembourg,LUX,2004,30.2
Germany,DEU,2004,30.4
Belgium,BEL,2004,30.5
France,FRA,2004,30.6
Norway,NOR,2004,31.6
"Egypt, Arab Rep.",EGY,2004,31.8
Kazakhstan,KAZ,2004,31.8
Pakistan,PAK,2004,32.5
Indonesia,IDN,2004,32.7
Australia,AUS,2004,33.1
Spain,ESP,2004,33.3
Estonia,EST,2004,33.6
Greece,GRC,2004,33.6
Ireland,IRL,2004,33.6
Tajikistan,TJK,2004,33.6
Canada,CAN,2004,33.7
Bosnia and Herzegovina,BIH,2004,34.0
West Bank and Gaza,PSE,2004,34.0
Italy,ITA,2004,34.3
India,IND,2004,34.4
Kyrgyz Republic,KGZ,2004,34.8
Moldova,MDA,2004,35.0
United Kingdom,GBR,2004,36.0
Georgia,GEO,2004,36.2
Latvia,LVA,2004,36.4
Vietnam,VNM,2004,36.8
Lithuania,LTU,2004,37.0
Armenia,ARM,2004,37.5
Poland,POL,2004,38.0
Portugal,PRT,2004,38.9
Malawi,MWI,2004,39.9
Mauritania,MRT,2004,40.2
Russian Federation,RUS,2004,40.3
United States,USA,2004,40.3
Turkey,TUR,2004,41.3
"Congo, Dem. Rep.",COD,2004,42.2
Thailand,THA,2004,42.5
Jamaica,JAM,2004,45.5
Uruguay,URY,2004,45.9
"Venezuela, RB",VEN,2004,47.5
El Salvador,SLV,2004,47.8
Costa Rica,CRI,2004,48.3
Argentina,ARG,2004,48.4
Peru,PER,2004,49.9
Mexico,MEX,2004,50.0
Dominican Republic,DOM,2004,52.1
Paraguay,PRY,2004,52.3
Ecuador,ECU,2004,53.9
Zambia,ZMB,2004,54.3
Panama,PAN,2004,54.8
Bolivia,BOL,2004,55.0
Colombia,COL,2004,55.0
Comoros,COM,2004,55.9
Brazil,BRA,2004,56.5
Honduras,HND,2004,58.1
Slovenia,SVN,2005,24.6
Denmark,DNK,2005,25.2
Azerbaijan,AZE,2005,26.6
Sweden,SWE,2005,26.8
Czech Republic,CZE,2005,26.9
Belarus,BLR,2005,27.6
Finland,FIN,2005,27.6
Austria,AUT,2005,28.7
Iceland,ISL,2005,29.0
Netherlands,NLD,2005,29.0
Ukraine,UKR,2005,29.0
Belgium,BEL,2005,29.3
Slovak Republic,SVK,2005,29.3
France,FRA,2005,29.8
Cyprus,CYP,2005,30.3
Albania,ALB,2005,30.6
Norway,NOR,2005,30.6
Luxembourg,LUX,2005,30.8
Kosovo,XKX,2005,31.2
Germany,DEU,2005,32.1
Spain,ESP,2005,32.4
Kyrgyz Republic,KGZ,2005,32.6
Pakistan,PAK,2005,32.7
Indonesia,IDN,2005,33.0
Bangladesh,BGD,2005,33.2
Estonia,EST,2005,33.4
Ireland,IRL,2005,33.8
Italy,ITA,2005,33.8
United Kingdom,GBR,2005,34.3
Greece,GRC,2005,34.6
Hungary,HUN,2005,34.7
West Bank and Gaza,PSE,2005,34.7
"Yemen, Rep.",YEM,2005,34.7
Lithuania,LTU,2005,35.3
Poland,POL,2005,35.8
Armenia,ARM,2005,36.0
Moldova,MDA,2005,36.3
Georgia,GEO,2005,37.4
Tunisia,TUN,2005,37.7
Portugal,PRT,2005,38.5
Latvia,LVA,2005,39.0
Senegal,SEN,2005,39.2
Kazakhstan,KAZ,2005,39.8
Madagascar,MDG,2005,39.9
China,CHN,2005,40.9
United States,USA,2005,41.0
Russian Federation,RUS,2005,41.3
Israel,ISR,2005,41.8
Gabon,GAB,2005,42.2
"Micronesia, Fed. Sts.",FSM,2005,42.4
Turkey,TUR,2005,42.6
Ghana,GHA,2005,42.8
Uganda,UGA,2005,42.9
"Iran, Islamic Rep.",IRN,2005,43.6
Niger,NER,2005,44.4
Uruguay,URY,2005,44.7
Solomon Islands,SLB,2005,46.1
Kenya,KEN,2005,46.5
"Congo, Rep.",COG,2005,47.3
Costa Rica,CRI,2005,47.5
Argentina,ARG,2005,47.7
El Salvador,SLV,2005,48.5
Nicaragua,NIC,2005,48.8
"Venezuela, RB",VEN,2005,49.5
Dominican Republic,DOM,2005,50.0
Mexico,MEX,2005,50.1
Peru,PER,2005,50.4
Paraguay,PRY,2005,51.4
Rwanda,RWA,2005,52.0
Ecuador,ECU,2005,53.1
Panama,PAN,2005,53.8
Colombia,COL,2005,53.9
Brazil,BRA,2005,56.3
Bolivia,BOL,2005,58.5
Honduras,HND,2005,59.5
South Africa,ZAF,2005,64.8
Slovenia,SVN,2006,24.4
Slovak Republic,SVK,2006,25.8
Denmark,DNK,2006,25.9
Norway,NOR,2006,26.4
Sweden,SWE,2006,26.4
Czech Republic,CZE,2006,26.7
Finland,FIN,2006,28.0
Malta,MLT,2006,28.0
Belgium,BEL,2006,28.1
Belarus,BLR,2006,28.3
Hungary,HUN,2006,28.3
Iraq,IRQ,2006,28.6
Austria,AUT,2006,29.6
Armenia,ARM,2006,29.7
France,FRA,2006,29.7
Ukraine,UKR,2006,29.8
Netherlands,NLD,2006,30.0
Iceland,ISL,2006,30.2
Kazakhstan,KAZ,2006,30.2
Kosovo,XKX,2006,30.3
Luxembourg,LUX,2006,30.9
Cyprus,CYP,2006,31.1
Germany,DEU,2006,31.3
"Korea, Rep.",KOR,2006,31.7
Ireland,IRL,2006,32.7
Burundi,BDI,2006,33.4
Spain,ESP,2006,33.5
Estonia,EST,2006,33.7
Italy,ITA,2006,33.7
Jordan,JOR,2006,33.9
Switzerland,CHE,2006,33.9
West Bank and Gaza,PSE,2006,34.0
Indonesia,IDN,2006,34.3
Lithuania,LTU,2006,34.4
United Kingdom,GBR,2006,34.6
Poland,POL,2006,34.7
Greece,GRC,2006,35.1
Moldova,MDA,2006,35.4
Latvia,LVA,2006,35.6
Bulgaria,BGR,2006,35.7
Mauritius,MUS,2006,35.7
Vietnam,VNM,2006,35.8
Georgia,GEO,2006,36.9
Kiribati,KIR,2006,37.0
Kyrgyz Republic,KGZ,2006,37.4
Portugal,PRT,2006,38.1
Mali,MLI,2006,38.9
Romania,ROU,2006,39.6
Turkey,TUR,2006,39.6
Sri Lanka,LKA,2006,39.7
Morocco,MAR,2006,40.7
Russian Federation,RUS,2006,41.0
United States,USA,2006,41.4
Thailand,THA,2006,41.8
Togo,TGO,2006,42.2
"Iran, Islamic Rep.",IRN,2006,44.8
Malaysia,MYS,2006,44.8
"Venezuela, RB",VEN,2006,44.8
El Salvador,SLV,2006,45.7
Uruguay,URY,2006,45.9
Argentina,ARG,2006,46.3
Philippines,PHL,2006,47.2
Chile,CHL,2006,47.3
Mexico,MEX,2006,48.9
Costa Rica,CRI,2006,49.4
Peru,PER,2006,50.3
Dominican Republic,DOM,2006,52.0
Ecuador,ECU,2006,52.3
Paraguay,PRY,2006,53.0
Guatemala,GTM,2006,54.6
Panama,PAN,2006,54.6
Zambia,ZMB,2006,54.6
Brazil,BRA,2006,55.6
Bolivia,BOL,2006,56.7
Honduras,HND,2006,57.5
Slovenia,SVN,2007,24.4
Slovak Republic,SVK,2007,24.7
Czech Republic,CZE,2007,26.0
Denmark,DNK,2007,26.2
Ukraine,UKR,2007,27.0
Norway,NOR,2007,27.1
Sweden,SWE,2007,27.1
Timor-Leste,TLS,2007,27.8
Hungary,HUN,2007,27.9
Finland,FIN,2007,28.3
Belgium,BEL,2007,29.2
Malta,MLT,2007,29.2
Iceland,ISL,2007,29.5
Belarus,BLR,2007,29.6
Netherlands,NLD,2007,29.6
Kazakhstan,KAZ,2007,30.1
Austria,AUT,2007,30.6
Cyprus,CYP,2007,31.1
Luxembourg,LUX,2007,31.1
Armenia,ARM,2007,31.2
Estonia,EST,2007,31.2
Germany,DEU,2007,31.3
Pakistan,PAK,2007,31.6
Ireland,IRL,2007,31.9
Tajikistan,TJK,2007,32.2
France,FRA,2007,32.4
Italy,ITA,2007,32.9
Bosnia and Herzegovina,BIH,2007,33.1
Canada,CAN,2007,33.8
Kyrgyz Republic,KGZ,2007,33.9
Greece,GRC,2007,34.0
Poland,POL,2007,34.0
Spain,ESP,2007,34.1
Switzerland,CHE,2007,34.3
Moldova,MDA,2007,34.4
Lithuania,LTU,2007,34.8
Lao PDR,LAO,2007,35.4
West Bank and Gaza,PSE,2007,35.6
Indonesia,IDN,2007,35.7
United Kingdom,GBR,2007,35.7
Mongolia,MNG,2007,35.8
Bulgaria,BGR,2007,36.1
Liberia,LBR,2007,36.5
Portugal,PRT,2007,36.8
Niger,NER,2007,37.3
Latvia,LVA,2007,37.5
Romania,ROU,2007,37.5
Bhutan,BTN,2007,38.1
Georgia,GEO,2007,38.1
Turkey,TUR,2007,38.4
Guinea,GIN,2007,39.4
Thailand,THA,2007,39.8
Tanzania,TZA,2007,40.3
United States,USA,2007,40.8
Israel,ISR,2007,41.1
Russian Federation,RUS,2007,42.3
Cameroon,CMR,2007,42.8
El Salvador,SLV,2007,45.2
Argentina,ARG,2007,46.2
Uruguay,URY,2007,46.4
Cabo Verde,CPV,2007,47.2
Dominican Republic,DOM,2007,48.9
Costa Rica,CRI,2007,49.3
Peru,PER,2007,50.0
Panama,PAN,2007,52.7
Paraguay,PRY,2007,53.0
Ecuador,ECU,2007,53.4
Bolivia,BOL,2007,54.5
Brazil,BRA,2007,54.9
Honduras,HND,2007,55.8
Slovenia,SVN,2008,23.7
Denmark,DNK,2008,25.2
Slovak Republic,SVK,2008,26.0
Czech Republic,CZE,2008,26.3
Ukraine,UKR,2008,26.6
Norway,NOR,2008,27.0
Hungary,HUN,2008,27.5
Belarus,BLR,2008,27.8
Finland,FIN,2008,27.8
Sweden,SWE,2008,28.1
Belgium,BEL,2008,28.4
Kazakhstan,KAZ,2008,28.5
Malta,MLT,2008,29.0
Armenia,ARM,2008,29.2
Netherlands,NLD,2008,29.3
Albania,ALB,2008,30.0
Austria,AUT,2008,30.4
Ireland,IRL,2008,30.9
"Egypt, Arab Rep.",EGY,2008,31.1
Germany,DEU,2008,31.1
Kyrgyz Republic,KGZ,2008,31.5
Cyprus,CYP,2008,31.7
Iceland,ISL,2008,31.8
Estonia,EST,2008,31.9
"Korea, Rep.",KOR,2008,32.3
Jordan,JOR,2008,32.6
Luxembourg,LUX,2008,32.6
France,FRA,2008,33.0
Poland,POL,2008,33.5
Bulgaria,BGR,2008,33.6
Greece,GRC,2008,33.6
Italy,ITA,2008,33.8
Switzerland,CHE,2008,33.8
United Kingdom,GBR,2008,34.1
Spain,ESP,2008,34.2
Moldova,MDA,2008,34.7
Japan,JPN,2008,34.8
Indonesia,IDN,2008,35.2
Australia,AUS,2008,35.4
Vietnam,VNM,2008,35.6
Lithuania,LTU,2008,35.7
Mauritania,MRT,2008,35.7
Romania,ROU,2008,36.4
Portugal,PRT,2008,36.6
Latvia,LVA,2008,37.2
Georgia,GEO,2008,38.5
Turkey,TUR,2008,39.0
Thailand,THA,2008,40.3
Fiji,FJI,2008,40.4
United States,USA,2008,40.8
Russian Federation,RUS,2008,41.6
Samoa,WSM,2008,42.0
Angola,AGO,2008,42.7
China,CHN,2008,43.0
Cote d'Ivoire,CIV,2008,43.2
Argentina,ARG,2008,44.9
Uruguay,URY,2008,45.1
Malaysia,MYS,2008,45.5
Mozambique,MOZ,2008,45.6
El Salvador,SLV,2008,46.9
Peru,PER,2008,47.5
Dominican Republic,DOM,2008,48.1
Costa Rica,CRI,2008,48.6
Ecuador,ECU,2008,49.8
Mexico,MEX,2008,49.9
Paraguay,PRY,2008,50.7
Bolivia,BOL,2008,50.8
Panama,PAN,2008,52.7
Brazil,BRA,2008,54.0
Colombia,COL,2008,55.3
Honduras,HND,2008,55.5
Central African Republic,CAF,2008,56.2
South Africa,ZAF,2008,63.0
Slovenia,SVN,2009,24.8
Ukraine,UKR,2009,25.3
Czech Republic,CZE,2009,26.2
Norway,NOR,2009,26.2
Denmark,DNK,2009,26.7
Hungary,HUN,2009,27.0
Slovak Republic,SVK,2009,27.2
Sweden,SWE,2009,27.3
Finland,FIN,2009,27.5
Belarus,BLR,2009,27.7
Netherlands,NLD,2009,27.9
Armenia,ARM,2009,28.0
Kazakhstan,KAZ,2009,28.2
Belgium,BEL,2009,28.6
Iceland,ISL,2009,28.7
Kyrgyz Republic,KGZ,2009,29.9
Malta,MLT,2009,30.2
Germany,DEU,2009,30.5
Tajikistan,TJK,2009,30.8
Luxembourg,LUX,2009,31.2
Estonia,EST,2009,31.4
Austria,AUT,2009,31.5
Kosovo,XKX,2009,31.8
Cyprus,CYP,2009,32.1
Croatia,HRV,2009,32.6
France,FRA,2009,32.7
Ireland,IRL,2009,32.7
Moldova,MDA,2009,32.9
Switzerland,CHE,2009,32.9
Mali,MLI,2009,33.0
Poland,POL,2009,33.4
Greece,GRC,2009,33.6
Bulgaria,BGR,2009,33.8
Italy,ITA,2009,33.8
United Kingdom,GBR,2009,34.3
West Bank and Gaza,PSE,2009,34.5
Portugal,PRT,2009,34.9
Spain,ESP,2009,34.9
Indonesia,IDN,2009,35.1
India,IND,2009,35.4
Sudan,SDN,2009,35.4
Romania,ROU,2009,35.6
Latvia,LVA,2009,36.0
Sri Lanka,LKA,2009,36.1
Lithuania,LTU,2009,37.2
Tonga,TON,2009,37.5
Georgia,GEO,2009,38.2
Maldives,MDV,2009,38.4
Turkey,TUR,2009,39.0
Thailand,THA,2009,39.6
Burkina Faso,BFA,2009,39.8
Russian Federation,RUS,2009,39.8
United States,USA,2009,40.6
Papua New Guinea,PNG,2009,41.9
"Iran, Islamic Rep.",IRN,2009,42.1
North Macedonia,MKD,2009,42.8
Nigeria,NGA,2009,43.0
Argentina,ARG,2009,43.7
Nicaragua,NIC,2009,43.9
Uganda,UGA,2009,44.2
Uruguay,URY,2009,45.5
El Salvador,SLV,2009,45.8
Philippines,PHL,2009,46.3
South Sudan,SSD,2009,46.3
Chile,CHL,2009,47.0
Peru,PER,2009,47.0
Ecuador,ECU,2009,48.5
Dominican Republic,DOM,2009,48.9
Paraguay,PRY,2009,49.1
Bolivia,BOL,2009,49.2
Costa Rica,CRI,2009,50.6
Honduras,HND,2009,51.3
Eswatini,SWZ,2009,51.5
Panama,PAN,2009,51.8
Brazil,BRA,2009,53.7
Colombia,COL,2009,54.3
Botswana,BWA,2009,60.5
Namibia,NAM,2009,61.0
Ukraine,UKR,2010,24.8
Slovenia,SVN,2010,24.9
Norway,NOR,2010,25.7
Iceland,ISL,2010,26.2
Czech Republic,CZE,2010,26.6
Denmark,DNK,2010,27.2
Slovak Republic,SVK,2010,27.3
Finland,FIN,2010,27.7
Sweden,SWE,2010,27.7
Netherlands,NLD,2010,27.8
Kazakhstan,KAZ,2010,28.0
Belgium,BEL,2010,28.4
Belarus,BLR,2010,28.6
Malta,MLT,2010,29.0
Hungary,HUN,2010,29.4
Pakistan,PAK,2010,29.8
Armenia,ARM,2010,30.0
Kyrgyz Republic,KGZ,2010,30.1
"Egypt, Arab Rep.",EGY,2010,30.2
Germany,DEU,2010,30.2
Austria,AUT,2010,30.3
Luxembourg,LUX,2010,30.5
Sao Tome and Principe,STP,2010,30.8
Cyprus,CYP,2010,31.5
Estonia,EST,2010,32.0
"Korea, Rep.",KOR,2010,32.0
Bangladesh,BGD,2010,32.1
Japan,JPN,2010,32.1
Moldova,MDA,2010,32.1
Ireland,IRL,2010,32.3
Croatia,HRV,2010,32.4
Switzerland,CHE,2010,32.6
Nepal,NPL,2010,32.8
Mongolia,MNG,2010,33.1
Ethiopia,ETH,2010,33.2
Poland,POL,2010,33.2
Kosovo,XKX,2010,33.3
Canada,CAN,2010,33.6
Lithuania,LTU,2010,33.6
France,FRA,2010,33.7
Jordan,JOR,2010,33.7
Greece,GRC,2010,34.1
United Kingdom,GBR,2010,34.4
Australia,AUS,2010,34.7
Italy,ITA,2010,34.7
Latvia,LVA,2010,35.0
Spain,ESP,2010,35.2
West Bank and Gaza,PSE,2010,35.3
Romania,ROU,2010,35.5
Bulgaria,BGR,2010,35.7
Portugal,PRT,2010,35.8
Tunisia,TUN,2010,35.8
Indonesia,IDN,2010,36.4
Vanuatu,VUT,2010,37.6
Turkey,TUR,2010,38.8
Tuvalu,TUV,2010,39.1
Vietnam,VNM,2010,39.3
Thailand,THA,2010,39.4
Georgia,GEO,2010,39.5
Russian Federation,RUS,2010,39.5
United States,USA,2010,40.0
North Macedonia,MKD,2010,40.2
Madagascar,MDG,2010,42.4
Israel,ISR,2010,42.5
El Salvador,SLV,2010,43.5
Argentina,ARG,2010,43.6
"Gambia, The",GMB,2010,43.6
China,CHN,2010,43.7
Uruguay,URY,2010,44.5
Malawi,MWI,2010,45.5
Peru,PER,2010,45.5
Mexico,MEX,2010,47.2
Rwanda,RWA,2010,47.2
Dominican Republic,DOM,2010,47.3
Costa Rica,CRI,2010,48.2
Ecuador,ECU,2010,48.8
Guinea-Bissau,GNB,2010,50.7
Paraguay,PRY,2010,51.0
Panama,PAN,2010,51.6
Honduras,HND,2010,53.1
Colombia,COL,2010,54.6
Zambia,ZMB,2010,55.6
South Africa,ZAF,2010,63.4
Ukraine,UKR,2011,24.6
Slovenia,SVN,2011,24.9
Norway,NOR,2011,25.3
Czech Republic,CZE,2011,26.4
Slovak Republic,SVK,2011,26.5
Iceland,ISL,2011,26.8
Belarus,BLR,2011,27.2
Denmark,DNK,2011,27.3
Algeria,DZA,2011,27.6
Finland,FIN,2011,27.6
Sweden,SWE,2011,27.6
Kosovo,XKX,2011,27.8
Kyrgyz Republic,KGZ,2011,27.8
Netherlands,NLD,2011,27.8
Kazakhstan,KAZ,2011,28.0
Belgium,BEL,2011,28.1
Malta,MLT,2011,29.1
Hungary,HUN,2011,29.2
Armenia,ARM,2011,29.4
Germany,DEU,2011,30.5
Moldova,MDA,2011,30.6
Austria,AUT,2011,30.8
Pakistan,PAK,2011,30.9
Niger,NER,2011,31.5
Switzerland,CHE,2011,31.7
Lebanon,LBN,2011,31.8
Luxembourg,LUX,2011,32.1
Croatia,HRV,2011,32.3
Estonia,EST,2011,32.5
Lithuania,LTU,2011,32.5
Cyprus,CYP,2011,32.6
Ireland,IRL,2011,32.9
Bosnia and Herzegovina,BIH,2011,33.0
Poland,POL,2011,33.2
United Kingdom,GBR,2011,33.2
France,FRA,2011,33.3
Mongolia,MNG,2011,33.9
Sierra Leone,SLE,2011,34.0
Bulgaria,BGR,2011,34.3
West Bank and Gaza,PSE,2011,34.4
Greece,GRC,2011,34.8
Italy,ITA,2011,35.1
India,IND,2011,35.7
Spain,ESP,2011,35.7
Latvia,LVA,2011,35.8
Romania,ROU,2011,35.9
Portugal,PRT,2011,36.3
Thailand,THA,2011,37.5
Tanzania,TZA,2011,37.8
North Macedonia,MKD,2011,39.4
Georgia,GEO,2011,39.6
Indonesia,IDN,2011,39.7
Russian Federation,RUS,2011,39.7
Turkey,TUR,2011,40.0
Senegal,SEN,2011,40.3
United States,USA,2011,40.9
Uruguay,URY,2011,42.2
El Salvador,SLV,2011,42.3
China,CHN,2011,42.4
Argentina,ARG,2011,42.6
Zimbabwe,ZWE,2011,43.2
Chad,TCD,2011,43.3
Benin,BEN,2011,43.4
Malaysia,MYS,2011,43.9
Peru,PER,2011,44.7
Ecuador,ECU,2011,45.9
Chile,CHL,2011,46.0
Togo,TGO,2011,46.0
Bolivia,BOL,2011,46.1
Dominican Republic,DOM,2011,47.7
Costa Rica,CRI,2011,48.7
"Congo, Rep.",COG,2011,48.9
Panama,PAN,2011,51.3
Paraguay,PRY,2011,52.3
Honduras,HND,2011,52.6
Brazil,BRA,2011,52.9
Colombia,COL,2011,53.5
Ukraine,UKR,2012,24.7
Slovenia,SVN,2012,25.6
Norway,NOR,2012,25.7
Czech Republic,CZE,2012,26.1
Slovak Republic,SVK,2012,26.1
Belarus,BLR,2012,26.5
Iceland,ISL,2012,26.8
Finland,FIN,2012,27.1
Kyrgyz Republic,KGZ,2012,27.4
Belgium,BEL,2012,27.5
Netherlands,NLD,2012,27.6
Sweden,SWE,2012,27.6
Denmark,DNK,2012,27.8
Kazakhstan,KAZ,2012,28.2
"Egypt, Arab Rep.",EGY,2012,28.3
Albania,ALB,2012,29.0
Kosovo,XKX,2012,29.0
Moldova,MDA,2012,29.2
Malta,MLT,2012,29.4
Iraq,IRQ,2012,29.5
Armenia,ARM,2012,29.6
Austria,AUT,2012,30.5
Hungary,HUN,2012,30.8
Germany,DEU,2012,30.9
"Korea, Rep.",KOR,2012,31.6
Switzerland,CHE,2012,31.6
United Kingdom,GBR,2012,32.3
Croatia,HRV,2012,32.5
Estonia,EST,2012,32.9
Poland,POL,2012,33.0
France,FRA,2012,33.1
Ireland,IRL,2012,33.2
Canada,CAN,2012,33.5
Guinea,GIN,2012,33.7
Mongolia,MNG,2012,33.8
Cyprus,CYP,2012,34.3
Luxembourg,LUX,2012,34.3
Nauru,NRU,2012,34.8
Lithuania,LTU,2012,35.1
Italy,ITA,2012,35.2
Latvia,LVA,2012,35.2
Spain,ESP,2012,35.4
Vietnam,VNM,2012,35.6
Bulgaria,BGR,2012,36.0
Lao PDR,LAO,2012,36.0
Portugal,PRT,2012,36.0
Greece,GRC,2012,36.3
Romania,ROU,2012,36.5
Solomon Islands,SLB,2012,37.1
North Macedonia,MKD,2012,38.1
Mauritius,MUS,2012,38.5
Sri Lanka,LKA,2012,38.7
Bhutan,BTN,2012,38.8
Georgia,GEO,2012,39.0
Thailand,THA,2012,39.3
Indonesia,IDN,2012,39.7
Serbia,SRB,2012,39.9
Uruguay,URY,2012,39.9
Turkey,TUR,2012,40.2
Russian Federation,RUS,2012,40.7
United States,USA,2012,40.9
Uganda,UGA,2012,41.0
Haiti,HTI,2012,41.1
Montenegro,MNE,2012,41.2
Argentina,ARG,2012,41.3
Israel,ISR,2012,41.3
El Salvador,SLV,2012,41.8
"Congo, Dem. Rep.",COD,2012,42.1
China,CHN,2012,42.2
Ghana,GHA,2012,42.4
Madagascar,MDG,2012,42.6
Peru,PER,2012,44.4
Djibouti,DJI,2012,45.1
Dominican Republic,DOM,2012,46.1
Ecuador,ECU,2012,46.1
Philippines,PHL,2012,46.5
Bolivia,BOL,2012,46.6
Paraguay,PRY,2012,47.6
Costa Rica,CRI,2012,48.6
Mexico,MEX,2012,48.7
Panama,PAN,2012,51.7
Colombia,COL,2012,52.6
Honduras,HND,2012,53.4
Brazil,BRA,2012,53.5
Ukraine,UKR,2013,24.6
Iceland,ISL,2013,25.4
Slovenia,SVN,2013,26.2
Kosovo,XKX,2013,26.3
Norway,NOR,2013,26.4
Czech Republic,CZE,2013,26.5
Belarus,BLR,2013,26.6
Kazakhstan,KAZ,2013,27.1
Finland,FIN,2013,27.2
Belgium,BEL,2013,27.7
Netherlands,NLD,2013,28.1
Slovak Republic,SVK,2013,28.1
Denmark,DNK,2013,28.5
Moldova,MDA,2013,28.5
Kyrgyz Republic,KGZ,2013,28.8
Malta,MLT,2013,28.8
Sweden,SWE,2013,28.8
Armenia,ARM,2013,30.6
Pakistan,PAK,2013,30.7
Austria,AUT,2013,30.8
Germany,DEU,2013,31.1
Hungary,HUN,2013,31.5
Croatia,HRV,2013,32.0
Luxembourg,LUX,2013,32.0
France,FRA,2013,32.5
Switzerland,CHE,2013,32.5
United Arab Emirates,ARE,2013,32.5
Japan,JPN,2013,32.9
Poland,POL,2013,33.1
United Kingdom,GBR,2013,33.2
Ireland,IRL,2013,33.5
Canada,CAN,2013,33.8
Italy,ITA,2013,34.9
Estonia,EST,2013,35.1
Lithuania,LTU,2013,35.3
Latvia,LVA,2013,35.5
Greece,GRC,2013,36.1
North Macedonia,MKD,2013,36.2
Portugal,PRT,2013,36.2
Spain,ESP,2013,36.2
Bulgaria,BGR,2013,36.6
Fiji,FJI,2013,36.7
Romania,ROU,2013,36.9
Cyprus,CYP,2013,37.0
"Iran, Islamic Rep.",IRN,2013,37.4
Thailand,THA,2013,37.8
Burundi,BDI,2013,38.6
Georgia,GEO,2013,38.6
Samoa,WSM,2013,38.7
Montenegro,MNE,2013,39.0
Morocco,MAR,2013,39.5
Serbia,SRB,2013,39.5
China,CHN,2013,39.7
Indonesia,IDN,2013,40.0
"Micronesia, Fed. Sts.",FSM,2013,40.1
Turkey,TUR,2013,40.2
Uruguay,URY,2013,40.5
United States,USA,2013,40.7
Argentina,ARG,2013,40.9
Russian Federation,RUS,2013,40.9
Malaysia,MYS,2013,41.3
El Salvador,SLV,2013,43.4
Peru,PER,2013,43.9
Djibouti,DJI,2013,44.1
Rwanda,RWA,2013,45.1
Chile,CHL,2013,45.8
Seychelles,SYC,2013,46.8
Ecuador,ECU,2013,46.9
Bolivia,BOL,2013,47.6
Dominican Republic,DOM,2013,47.7
Paraguay,PRY,2013,47.9
Costa Rica,CRI,2013,49.3
Honduras,HND,2013,50.0
Panama,PAN,2013,51.5
Colombia,COL,2013,52.6
Brazil,BRA,2013,52.8
Ukraine,UKR,2014,24.0
Slovenia,SVN,2014,25.7
Czech Republic,CZE,2014,25.9
Slovak Republic,SVK,2014,26.1
Finland,FIN,2014,26.8
Kyrgyz Republic,KGZ,2014,26.8
Moldova,MDA,2014,26.8
Norway,NOR,2014,26.8
Kazakhstan,KAZ,2014,27.0
Belarus,BLR,2014,27.2
Kosovo,XKX,2014,27.3
Iceland,ISL,2014,27.8
Belgium,BEL,2014,28.1
Denmark,DNK,2014,28.4
Sweden,SWE,2014,28.4
Netherlands,NLD,2014,28.6
Timor-Leste,TLS,2014,28.7
Malta,MLT,2014,29.0
Austria,AUT,2014,30.5
Germany,DEU,2014,30.9
Hungary,HUN,2014,30.9
"Korea, Rep.",KOR,2014,31.2
Luxembourg,LUX,2014,31.2
Armenia,ARM,2014,31.5
Ireland,IRL,2014,31.9
Mongolia,MNG,2014,32.0
Croatia,HRV,2014,32.1
France,FRA,2014,32.3
Switzerland,CHE,2014,32.5
Mauritania,MRT,2014,32.6
Poland,POL,2014,32.8
Canada,CAN,2014,33.2
Liberia,LBR,2014,33.2
United Kingdom,GBR,2014,34.0
Sudan,SDN,2014,34.2
Niger,NER,2014,34.3
Australia,AUS,2014,34.4
Albania,ALB,2014,34.6
Estonia,EST,2014,34.6
Italy,ITA,2014,34.7
Vietnam,VNM,2014,34.8
Latvia,LVA,2014,35.1
North Macedonia,MKD,2014,35.2
Burkina Faso,BFA,2014,35.3
Cyprus,CYP,2014,35.6
Portugal,PRT,2014,35.6
Greece,GRC,2014,35.8
Romania,ROU,2014,36.0
Spain,ESP,2014,36.1
"Yemen, Rep.",YEM,2014,36.7
Thailand,THA,2014,37.0
Bulgaria,BGR,2014,37.4
Georgia,GEO,2014,37.6
Lithuania,LTU,2014,37.7
"Iran, Islamic Rep.",IRN,2014,38.8
Montenegro,MNE,2014,38.8
China,CHN,2014,39.2
Indonesia,IDN,2014,39.4
Israel,ISR,2014,39.8
Russian Federation,RUS,2014,39.9
Uruguay,URY,2014,40.1
Serbia,SRB,2014,40.5
Turkey,TUR,2014,41.2
United States,USA,2014,41.5
Argentina,ARG,2014,41.6
El Salvador,SLV,2014,41.6
Peru,PER,2014,43.1
Dominican Republic,DOM,2014,44.3
Ecuador,ECU,2014,45.0
Comoros,COM,2014,45.3
Nicaragua,NIC,2014,46.2
Cameroon,CMR,2014,46.6
Bolivia,BOL,2014,47.8
Guatemala,GTM,2014,48.3
Costa Rica,CRI,2014,48.6
Mexico,MEX,2014,48.7
Honduras,HND,2014,49.9
Panama,PAN,2014,50.5
Paraguay,PRY,2014,50.7
Brazil,BRA,2014,52.1
Colombia,COL,2014,52.6
Mozambique,MOZ,2014,54.0
South Africa,ZAF,2014,63.0
Slovenia,SVN,2015,25.4
Ukraine,UKR,2015,25.5
Belarus,BLR,2015,25.6
Czech Republic,CZE,2015,25.9
Kosovo,XKX,2015,26.5
Slovak Republic,SVK,2015,26.5
Iceland,ISL,2015,26.8
Kazakhstan,KAZ,2015,26.8
Moldova,MDA,2015,27.0
Finland,FIN,2015,27.1
Norway,NOR,2015,27.5
Belgium,BEL,2015,27.7
Denmark,DNK,2015,28.2
Netherlands,NLD,2015,28.2
Kyrgyz Republic,KGZ,2015,29.0
Sweden,SWE,2015,29.2
Malta,MLT,2015,29.4
Hungary,HUN,2015,30.4
Austria,AUT,2015,30.5
Croatia,HRV,2015,31.1
Germany,DEU,2015,31.7
"Egypt, Arab Rep.",EGY,2015,31.8
Ireland,IRL,2015,31.8
Poland,POL,2015,31.8
Switzerland,CHE,2015,32.3
Armenia,ARM,2015,32.4
Pakistan,PAK,2015,32.6
Estonia,EST,2015,32.7
France,FRA,2015,32.7
Tunisia,TUN,2015,32.8
Albania,ALB,2015,32.9
Luxembourg,LUX,2015,32.9
United Kingdom,GBR,2015,33.2
Canada,CAN,2015,33.7
Cyprus,CYP,2015,34.0
Tajikistan,TJK,2015,34.0
Latvia,LVA,2015,34.2
Ethiopia,ETH,2015,35.0
Italy,ITA,2015,35.4
Portugal,PRT,2015,35.5
North Macedonia,MKD,2015,35.6
"Gambia, The",GMB,2015,35.9
Romania,ROU,2015,35.9
Greece,GRC,2015,36.0
Thailand,THA,2015,36.0
Spain,ESP,2015,36.2
Georgia,GEO,2015,36.5
Lithuania,LTU,2015,37.4
Tonga,TON,2015,37.6
Russian Federation,RUS,2015,37.7
Myanmar,MMR,2015,38.1
Bulgaria,BGR,2015,38.6
China,CHN,2015,38.6
Montenegro,MNE,2015,39.0
"Iran, Islamic Rep.",IRN,2015,39.5
Indonesia,IDN,2015,39.7
Uruguay,URY,2015,40.1
Serbia,SRB,2015,40.5
El Salvador,SLV,2015,40.6
Kenya,KEN,2015,40.8
Malaysia,MYS,2015,41.1
United States,USA,2015,41.2
Cote d'Ivoire,CIV,2015,41.5
Cabo Verde,CPV,2015,42.4
Turkey,TUR,2015,42.9
Togo,TGO,2015,43.1
Peru,PER,2015,43.4
Chile,CHL,2015,44.4
Philippines,PHL,2015,44.6
Dominican Republic,DOM,2015,45.2
Ecuador,ECU,2015,46.0
Bolivia,BOL,2015,46.7
Paraguay,PRY,2015,47.6
Benin,BEN,2015,47.8
Costa Rica,CRI,2015,48.4
Honduras,HND,2015,49.2
Panama,PAN,2015,50.8
Colombia,COL,2015,51.0
Brazil,BRA,2015,51.9
Botswana,BWA,2015,53.3
Zambia,ZMB,2015,57.1
Namibia,NAM,2015,59.1
Slovenia,SVN,2016,24.8
Ukraine,UKR,2016,25.0
Slovak Republic,SVK,2016,25.2
Belarus,BLR,2016,25.3
Czech Republic,CZE,2016,25.4
Moldova,MDA,2016,26.3
Kosovo,XKX,2016,26.7
Kyrgyz Republic,KGZ,2016,26.8
Finland,FIN,2016,27.1
Iceland,ISL,2016,27.2
Kazakhstan,KAZ,2016,27.2
Belgium,BEL,2016,27.6
Denmark,DNK,2016,28.2
Netherlands,NLD,2016,28.2
Norway,NOR,2016,28.5
Malta,MLT,2016,29.1
Sweden,SWE,2016,29.6
Hungary,HUN,2016,30.3
Austria,AUT,2016,30.8
Croatia,HRV,2016,30.9
Estonia,EST,2016,31.2
Poland,POL,2016,31.2
Maldives,MDV,2016,31.3
"Korea, Rep.",KOR,2016,31.4
Luxembourg,LUX,2016,31.7
France,FRA,2016,31.9
Germany,DEU,2016,31.9
Mongolia,MNG,2016,32.3
Bangladesh,BGD,2016,32.4
Armenia,ARM,2016,32.5
Canada,CAN,2016,32.7
Ireland,IRL,2016,32.8
Cyprus,CYP,2016,32.9
Switzerland,CHE,2016,33.0
Albania,ALB,2016,33.7
West Bank and Gaza,PSE,2016,33.7
Latvia,LVA,2016,34.3
Romania,ROU,2016,34.4
North Macedonia,MKD,2016,34.5
United Kingdom,GBR,2016,34.8
Greece,GRC,2016,35.0
Italy,ITA,2016,35.2
Portugal,PRT,2016,35.2
Liberia,LBR,2016,35.3
Vietnam,VNM,2016,35.3
Spain,ESP,2016,35.8
Georgia,GEO,2016,36.6
Russian Federation,RUS,2016,36.8
Thailand,THA,2016,36.9
Lithuania,LTU,2016,38.4
China,CHN,2016,38.5
Montenegro,MNE,2016,38.5
Indonesia,IDN,2016,38.6
Serbia,SRB,2016,38.8
Israel,ISR,2016,39.0
Sri Lanka,LKA,2016,39.3
Uruguay,URY,2016,39.7
El Salvador,SLV,2016,40.0
"Iran, Islamic Rep.",IRN,2016,40.0
Bulgaria,BGR,2016,40.6
United States,USA,2016,41.1
Turkey,TUR,2016,41.9
Argentina,ARG,2016,42.0
Uganda,UGA,2016,42.8
Ghana,GHA,2016,43.5
Peru,PER,2016,43.6
Rwanda,RWA,2016,43.7
South Sudan,SSD,2016,44.1
Malawi,MWI,2016,44.7
Ecuador,ECU,2016,45.0
Bolivia,BOL,2016,45.3
Dominican Republic,DOM,2016,45.7
Mexico,MEX,2016,46.3
Paraguay,PRY,2016,47.9
Costa Rica,CRI,2016,48.7
Honduras,HND,2016,49.8
Panama,PAN,2016,50.4
Colombia,COL,2016,50.6
St. Lucia,LCA,2016,51.2
Brazil,BRA,2016,53.3
Eswatini,SWZ,2016,54.6
Slovenia,SVN,2017,24.2
Czech Republic,CZE,2017,24.9
Belarus,BLR,2017,25.4
Moldova,MDA,2017,25.9
Ukraine,UKR,2017,26.0
Iceland,ISL,2017,26.1
Norway,NOR,2017,27.0
Kyrgyz Republic,KGZ,2017,27.3
Belgium,BEL,2017,27.4
Finland,FIN,2017,27.4
Kazakhstan,KAZ,2017,27.5
Netherlands,NLD,2017,28.5
Denmark,DNK,2017,28.7
Sweden,SWE,2017,28.8
Kosovo,XKX,2017,29.0
Malta,MLT,2017,29.2
Austria,AUT,2017,29.7
Poland,POL,2017,29.7
Croatia,HRV,2017,30.4
Estonia,EST,2017,30.4
Hungary,HUN,2017,30.6
Myanmar,MMR,2017,30.7
Cyprus,CYP,2017,31.4
Ireland,IRL,2017,31.4
"Egypt, Arab Rep.",EGY,2017,31.5
France,FRA,2017,31.6
Switzerland,CHE,2017,32.7
Albania,ALB,2017,33.2
Canada,CAN,2017,33.3
Armenia,ARM,2017,33.6
Portugal,PRT,2017,33.8
North Macedonia,MKD,2017,34.2
Greece,GRC,2017,34.4
Luxembourg,LUX,2017,34.5
Spain,ESP,2017,34.7
United Kingdom,GBR,2017,35.1
Latvia,LVA,2017,35.6
Italy,ITA,2017,35.9
Romania,ROU,2017,36.0
Serbia,SRB,2017,36.2
Thailand,THA,2017,36.5
Mauritius,MUS,2017,36.8
Somalia,SOM,2017,36.8
Russian Federation,RUS,2017,37.2
Lithuania,LTU,2017,37.3
Bhutan,BTN,2017,37.4
Georgia,GEO,2017,37.9
El Salvador,SLV,2017,38.0
Gabon,GAB,2017,38.0
Indonesia,IDN,2017,38.1
Uruguay,URY,2017,39.5
Bulgaria,BGR,2017,40.4
Tanzania,TZA,2017,40.5
"Iran, Islamic Rep.",IRN,2017,40.8
Argentina,ARG,2017,41.1
United States,USA,2017,41.2
Turkey,TUR,2017,41.4
Djibouti,DJI,2017,41.6
Dominican Republic,DOM,2017,42.2
Peru,PER,2017,43.3
Zimbabwe,ZWE,2017,44.3
Chile,CHL,2017,44.4
Bolivia,BOL,2017,44.6
Ecuador,ECU,2017,44.7
Lesotho,LSO,2017,44.9
Costa Rica,CRI,2017,48.3
Paraguay,PRY,2017,48.5
Honduras,HND,2017,49.4
Colombia,COL,2017,49.7
Panama,PAN,2017,49.9
Brazil,BRA,2017,53.3
Sao Tome and Principe,STP,2017,56.3
Slovenia,SVN,2018,24.6
Czech Republic,CZE,2018,25.0
Slovak Republic,SVK,2018,25.0
Belarus,BLR,2018,25.2
Moldova,MDA,2018,25.7
United Arab Emirates,ARE,2018,26.0
Ukraine,UKR,2018,26.1
Belgium,BEL,2018,27.2
Finland,FIN,2018,27.3
Norway,NOR,2018,27.6
Kyrgyz Republic,KGZ,2018,27.7
Kazakhstan,KAZ,2018,27.8
Netherlands,NLD,2018,28.1
Denmark,DNK,2018,28.2
Malta,MLT,2018,28.7
Hungary,HUN,2018,29.6
Croatia,HRV,2018,29.7
Sweden,SWE,2018,30.0
Poland,POL,2018,30.2
Estonia,EST,2018,30.3
Austria,AUT,2018,30.8
Pakistan,PAK,2018,31.6
Seychelles,SYC,2018,32.1
France,FRA,2018,32.4
Cyprus,CYP,2018,32.7
Mongolia,MNG,2018,32.7
Greece,GRC,2018,32.9
North Macedonia,MKD,2018,33.0
Switzerland,CHE,2018,33.1
Portugal,PRT,2018,33.5
Armenia,ARM,2018,34.4
Spain,ESP,2018,34.7
Latvia,LVA,2018,35.1
Nigeria,NGA,2018,35.1
Luxembourg,LUX,2018,35.4
Lithuania,LTU,2018,35.7
Sierra Leone,SLE,2018,35.7
Vietnam,VNM,2018,35.7
Romania,ROU,2018,35.8
Georgia,GEO,2018,36.4
Thailand,THA,2018,36.4
Russian Federation,RUS,2018,37.5
Indonesia,IDN,2018,37.8
El Salvador,SLV,2018,38.6
Lao PDR,LAO,2018,38.8
Uruguay,URY,2018,39.7
Argentina,ARG,2018,41.3
Bulgaria,BGR,2018,41.3
United States,USA,2018,41.4
Turkey,TUR,2018,41.9
"Iran, Islamic Rep.",IRN,2018,42.0
Philippines,PHL,2018,42.3
Peru,PER,2018,42.4
Bolivia,BOL,2018,42.6
Dominican Republic,DOM,2018,43.7
Ecuador,ECU,2018,45.4
Mexico,MEX,2018,45.4
Paraguay,PRY,2018,46.0
Costa Rica,CRI,2018,48.0
Honduras,HND,2018,48.9
Panama,PAN,2018,49.2
Colombia,COL,2018,50.4
Angola,AGO,2018,51.3
Brazil,BRA,2018,53.9
Belarus,BLR,2019,25.3
Ukraine,UKR,2019,26.6
Kyrgyz Republic,KGZ,2019,29.7
Armenia,ARM,2019,29.9
Thailand,THA,2019,34.9
Georgia,GEO,2019,35.9
Indonesia,IDN,2019,38.2
El Salvador,SLV,2019,38.8
Uruguay,URY,2019,39.7
Peru,PER,2019,41.5
Bolivia,BOL,2019,41.6
Dominican Republic,DOM,2019,41.9
Turkey,TUR,2019,41.9
Argentina,ARG,2019,42.9
Ecuador,ECU,2019,45.7
Paraguay,PRY,2019,45.7
Costa Rica,CRI,2019,48.2
Honduras,HND,2019,48.2
Panama,PAN,2019,49.8
Zimbabwe,ZWE,2019,50.3
Colombia,COL,2019,51.3
Brazil,BRA,2019,53.4
